Copyright 1986-2022 Xilinx, Inc. All Rights Reserved. Copyright 2022-2026 Advanced Micro Devices, Inc. All Rights Reserved.
-----------------------------------------------------------------------------------------------------------------------------------------------------------------------------------------
| Tool Version      : Vivado v.2026.1 (lin64) Build 6511674 Tue Jun 16 11:01:26 MDT 2026
| Date              : Mon Sep 14 14:46:34 2026
| Host              : WL-144132 running 64-bit unknown
| Command           : report_timing -max_paths 30 -nworst 3 -file /home/marroyav/work/daphne-grouped32-1bae1c8-20260914/build/descriptor-pipeline-selected-ooc/pipeline_timing_paths.rpt
| Design            : fragment_peak_descriptors_banked
| Device            : xck26-sfvc784
| Speed File        : -2LV  PRODUCTION 1.31 12-08-2025
| Design State      : Synthesized
| Temperature Grade : C
-----------------------------------------------------------------------------------------------------------------------------------------------------------------------------------------

Timing Report

Slack (MET) :             0.836ns  (required time - arrival time)
  Source:                 grouped_input.sample_start_s_reg_rep/C
                            (rising edge-triggered cell FDRE clocked by builder_clock  {rise@0.000ns fall@1.600ns period=3.200ns})
  Destination:            descriptor_memory_s_reg_0_15_0_13/RAMA/WE
                            (rising edge-triggered cell RAMD32 clocked by builder_clock  {rise@0.000ns fall@1.600ns period=3.200ns})
  Path Group:             builder_clock
  Path Type:              Setup (Max at Slow Process Corner)
  Requirement:            3.200ns  (builder_clock rise@3.200ns - builder_clock rise@0.000ns)
  Data Path Delay:        2.081ns  (logic 0.661ns (31.764%)  route 1.420ns (68.236%))
  Logic Levels:           5  (CARRY8=1 LUT2=1 LUT3=1 LUT6=2)
  Clock Path Skew:        0.018ns (DCD - SCD + CPR)
    Destination Clock Delay (DCD):    0.059ns = ( 3.259 - 3.200 ) 
    Source Clock Delay      (SCD):    0.041ns
    Clock Pessimism Removal (CPR):    0.000ns
  Clock Uncertainty:      0.035ns  ((TSJ^2 + TIJ^2)^1/2 + DJ) / 2 + PE
    Total System Jitter     (TSJ):    0.071ns
    Total Input Jitter      (TIJ):    0.000ns
    Discrete Jitter          (DJ):    0.000ns
    Phase Error              (PE):    0.000ns

    Location             Delay type                Incr(ns)  Path(ns)    Netlist Resource(s)
  -------------------------------------------------------------------    -------------------
                         (clock builder_clock rise edge)
                                                      0.000     0.000 r  <hidden>
                                                      0.000     0.000 r  clock_i
                         net (fo=379, unset)          0.041     0.041    clock_i
                         FDRE                                         r  grouped_input.sample_start_s_reg_rep/C
  -------------------------------------------------------------------    -------------------
                         FDRE (Prop_FDRE_C_Q)         0.114     0.155 r  grouped_input.sample_start_s_reg_rep/Q
                         net (fo=93, unplaced)        0.186     0.341    grouped_input.sample_start_s_reg_rep_n_0
                         LUT3 (Prop_LUT3_I1_O)        0.082     0.423 f  threshold_s[1]_i_1/O
                         net (fo=3, unplaced)         0.217     0.640    threshold_s[1]
                         LUT6 (Prop_LUT6_I5_O)        0.058     0.698 r  duration_s[0]_i_9/O
                         net (fo=1, unplaced)         0.227     0.925    duration_s[0]_i_9_n_0
                         CARRY8 (Prop_CARRY8_DI[0]_CO[6])
                                                      0.267     1.192 r  duration_s_reg[0]_i_2/CO[6]
                         net (fo=104, unplaced)       0.184     1.376    duration_s_reg[0]_i_2_n_1
                         LUT6 (Prop_LUT6_I1_O)        0.082     1.458 f  slot_s[2]_i_2/O
                         net (fo=114, unplaced)       0.299     1.757    slot_s[2]_i_2_n_0
                         LUT2 (Prop_LUT2_I0_O)        0.058     1.815 r  descriptor_memory_s_reg_0_15_0_13_i_1/O
                         net (fo=80, unplaced)        0.307     2.122    descriptor_memory_s_reg_0_15_0_13/WE
                         RAMD32                                       r  descriptor_memory_s_reg_0_15_0_13/RAMA/WE
  -------------------------------------------------------------------    -------------------

                         (clock builder_clock rise edge)
                                                      3.200     3.200 r  <hidden>
                                                      0.000     3.200 r  clock_i
                         net (fo=379, unset)          0.059     3.259    descriptor_memory_s_reg_0_15_0_13/WCLK
                         RAMD32                                       r  descriptor_memory_s_reg_0_15_0_13/RAMA/CLK
                         clock pessimism              0.000     3.259    <hidden>
                         clock uncertainty           -0.035     3.224    <hidden>
                         RAMD32 (Setup_RAMD32_CLK_WE)
                                                     -0.266     2.958    descriptor_memory_s_reg_0_15_0_13/RAMA
  -------------------------------------------------------------------
                         required time                          2.958    <hidden>
                         arrival time                          -2.122    <hidden>
  -------------------------------------------------------------------
                         slack                                  0.836    <hidden>

Slack (MET) :             0.836ns  (required time - arrival time)
  Source:                 grouped_input.sample_start_s_reg_rep/C
                            (rising edge-triggered cell FDRE clocked by builder_clock  {rise@0.000ns fall@1.600ns period=3.200ns})
  Destination:            descriptor_memory_s_reg_0_15_0_13/RAMA/WE
                            (rising edge-triggered cell RAMD32 clocked by builder_clock  {rise@0.000ns fall@1.600ns period=3.200ns})
  Path Group:             builder_clock
  Path Type:              Setup (Max at Slow Process Corner)
  Requirement:            3.200ns  (builder_clock rise@3.200ns - builder_clock rise@0.000ns)
  Data Path Delay:        2.081ns  (logic 0.661ns (31.764%)  route 1.420ns (68.236%))
  Logic Levels:           5  (CARRY8=1 LUT2=1 LUT3=1 LUT6=2)
  Clock Path Skew:        0.018ns (DCD - SCD + CPR)
    Destination Clock Delay (DCD):    0.059ns = ( 3.259 - 3.200 ) 
    Source Clock Delay      (SCD):    0.041ns
    Clock Pessimism Removal (CPR):    0.000ns
  Clock Uncertainty:      0.035ns  ((TSJ^2 + TIJ^2)^1/2 + DJ) / 2 + PE
    Total System Jitter     (TSJ):    0.071ns
    Total Input Jitter      (TIJ):    0.000ns
    Discrete Jitter          (DJ):    0.000ns
    Phase Error              (PE):    0.000ns

    Location             Delay type                Incr(ns)  Path(ns)    Netlist Resource(s)
  -------------------------------------------------------------------    -------------------
                         (clock builder_clock rise edge)
                                                      0.000     0.000 r  <hidden>
                                                      0.000     0.000 r  clock_i
                         net (fo=379, unset)          0.041     0.041    clock_i
                         FDRE                                         r  grouped_input.sample_start_s_reg_rep/C
  -------------------------------------------------------------------    -------------------
                         FDRE (Prop_FDRE_C_Q)         0.114     0.155 f  grouped_input.sample_start_s_reg_rep/Q
                         net (fo=93, unplaced)        0.186     0.341    grouped_input.sample_start_s_reg_rep_n_0
                         LUT3 (Prop_LUT3_I1_O)        0.082     0.423 f  threshold_s[1]_i_1/O
                         net (fo=3, unplaced)         0.217     0.640    threshold_s[1]
                         LUT6 (Prop_LUT6_I5_O)        0.058     0.698 r  duration_s[0]_i_9/O
                         net (fo=1, unplaced)         0.227     0.925    duration_s[0]_i_9_n_0
                         CARRY8 (Prop_CARRY8_DI[0]_CO[6])
                                                      0.267     1.192 r  duration_s_reg[0]_i_2/CO[6]
                         net (fo=104, unplaced)       0.184     1.376    duration_s_reg[0]_i_2_n_1
                         LUT6 (Prop_LUT6_I1_O)        0.082     1.458 f  slot_s[2]_i_2/O
                         net (fo=114, unplaced)       0.299     1.757    slot_s[2]_i_2_n_0
                         LUT2 (Prop_LUT2_I0_O)        0.058     1.815 r  descriptor_memory_s_reg_0_15_0_13_i_1/O
                         net (fo=80, unplaced)        0.307     2.122    descriptor_memory_s_reg_0_15_0_13/WE
                         RAMD32                                       r  descriptor_memory_s_reg_0_15_0_13/RAMA/WE
  -------------------------------------------------------------------    -------------------

                         (clock builder_clock rise edge)
                                                      3.200     3.200 r  <hidden>
                                                      0.000     3.200 r  clock_i
                         net (fo=379, unset)          0.059     3.259    descriptor_memory_s_reg_0_15_0_13/WCLK
                         RAMD32                                       r  descriptor_memory_s_reg_0_15_0_13/RAMA/CLK
                         clock pessimism              0.000     3.259    <hidden>
                         clock uncertainty           -0.035     3.224    <hidden>
                         RAMD32 (Setup_RAMD32_CLK_WE)
                                                     -0.266     2.958    descriptor_memory_s_reg_0_15_0_13/RAMA
  -------------------------------------------------------------------
                         required time                          2.958    <hidden>
                         arrival time                          -2.122    <hidden>
  -------------------------------------------------------------------
                         slack                                  0.836    <hidden>

Slack (MET) :             0.836ns  (required time - arrival time)
  Source:                 grouped_input.sample_start_s_reg_rep/C
                            (rising edge-triggered cell FDRE clocked by builder_clock  {rise@0.000ns fall@1.600ns period=3.200ns})
  Destination:            descriptor_memory_s_reg_0_15_0_13/RAMA/WE
                            (rising edge-triggered cell RAMD32 clocked by builder_clock  {rise@0.000ns fall@1.600ns period=3.200ns})
  Path Group:             builder_clock
  Path Type:              Setup (Max at Slow Process Corner)
  Requirement:            3.200ns  (builder_clock rise@3.200ns - builder_clock rise@0.000ns)
  Data Path Delay:        2.081ns  (logic 0.661ns (31.764%)  route 1.420ns (68.236%))
  Logic Levels:           5  (CARRY8=1 LUT2=1 LUT3=1 LUT6=2)
  Clock Path Skew:        0.018ns (DCD - SCD + CPR)
    Destination Clock Delay (DCD):    0.059ns = ( 3.259 - 3.200 ) 
    Source Clock Delay      (SCD):    0.041ns
    Clock Pessimism Removal (CPR):    0.000ns
  Clock Uncertainty:      0.035ns  ((TSJ^2 + TIJ^2)^1/2 + DJ) / 2 + PE
    Total System Jitter     (TSJ):    0.071ns
    Total Input Jitter      (TIJ):    0.000ns
    Discrete Jitter          (DJ):    0.000ns
    Phase Error              (PE):    0.000ns

    Location             Delay type                Incr(ns)  Path(ns)    Netlist Resource(s)
  -------------------------------------------------------------------    -------------------
                         (clock builder_clock rise edge)
                                                      0.000     0.000 r  <hidden>
                                                      0.000     0.000 r  clock_i
                         net (fo=379, unset)          0.041     0.041    clock_i
                         FDRE                                         r  grouped_input.sample_start_s_reg_rep/C
  -------------------------------------------------------------------    -------------------
                         FDRE (Prop_FDRE_C_Q)         0.114     0.155 r  grouped_input.sample_start_s_reg_rep/Q
                         net (fo=93, unplaced)        0.186     0.341    grouped_input.sample_start_s_reg_rep_n_0
                         LUT3 (Prop_LUT3_I1_O)        0.082     0.423 r  threshold_s[1]_i_1/O
                         net (fo=3, unplaced)         0.217     0.640    threshold_s[1]
                         LUT6 (Prop_LUT6_I5_O)        0.058     0.698 f  duration_s[0]_i_9/O
                         net (fo=1, unplaced)         0.227     0.925    duration_s[0]_i_9_n_0
                         CARRY8 (Prop_CARRY8_DI[0]_CO[6])
                                                      0.267     1.192 f  duration_s_reg[0]_i_2/CO[6]
                         net (fo=104, unplaced)       0.184     1.376    duration_s_reg[0]_i_2_n_1
                         LUT6 (Prop_LUT6_I1_O)        0.082     1.458 r  slot_s[2]_i_2/O
                         net (fo=114, unplaced)       0.299     1.757    slot_s[2]_i_2_n_0
                         LUT2 (Prop_LUT2_I0_O)        0.058     1.815 f  descriptor_memory_s_reg_0_15_0_13_i_1/O
                         net (fo=80, unplaced)        0.307     2.122    descriptor_memory_s_reg_0_15_0_13/WE
                         RAMD32                                       f  descriptor_memory_s_reg_0_15_0_13/RAMA/WE
  -------------------------------------------------------------------    -------------------

                         (clock builder_clock rise edge)
                                                      3.200     3.200 r  <hidden>
                                                      0.000     3.200 r  clock_i
                         net (fo=379, unset)          0.059     3.259    descriptor_memory_s_reg_0_15_0_13/WCLK
                         RAMD32                                       r  descriptor_memory_s_reg_0_15_0_13/RAMA/CLK
                         clock pessimism              0.000     3.259    <hidden>
                         clock uncertainty           -0.035     3.224    <hidden>
                         RAMD32 (Setup_RAMD32_CLK_WE)
                                                     -0.266     2.958    descriptor_memory_s_reg_0_15_0_13/RAMA
  -------------------------------------------------------------------
                         required time                          2.958    <hidden>
                         arrival time                          -2.122    <hidden>
  -------------------------------------------------------------------
                         slack                                  0.836    <hidden>

Slack (MET) :             0.836ns  (required time - arrival time)
  Source:                 grouped_input.sample_start_s_reg_rep/C
                            (rising edge-triggered cell FDRE clocked by builder_clock  {rise@0.000ns fall@1.600ns period=3.200ns})
  Destination:            descriptor_memory_s_reg_0_15_0_13/RAMA_D1/WE
                            (rising edge-triggered cell RAMD32 clocked by builder_clock  {rise@0.000ns fall@1.600ns period=3.200ns})
  Path Group:             builder_clock
  Path Type:              Setup (Max at Slow Process Corner)
  Requirement:            3.200ns  (builder_clock rise@3.200ns - builder_clock rise@0.000ns)
  Data Path Delay:        2.081ns  (logic 0.661ns (31.764%)  route 1.420ns (68.236%))
  Logic Levels:           5  (CARRY8=1 LUT2=1 LUT3=1 LUT6=2)
  Clock Path Skew:        0.018ns (DCD - SCD + CPR)
    Destination Clock Delay (DCD):    0.059ns = ( 3.259 - 3.200 ) 
    Source Clock Delay      (SCD):    0.041ns
    Clock Pessimism Removal (CPR):    0.000ns
  Clock Uncertainty:      0.035ns  ((TSJ^2 + TIJ^2)^1/2 + DJ) / 2 + PE
    Total System Jitter     (TSJ):    0.071ns
    Total Input Jitter      (TIJ):    0.000ns
    Discrete Jitter          (DJ):    0.000ns
    Phase Error              (PE):    0.000ns

    Location             Delay type                Incr(ns)  Path(ns)    Netlist Resource(s)
  -------------------------------------------------------------------    -------------------
                         (clock builder_clock rise edge)
                                                      0.000     0.000 r  <hidden>
                                                      0.000     0.000 r  clock_i
                         net (fo=379, unset)          0.041     0.041    clock_i
                         FDRE                                         r  grouped_input.sample_start_s_reg_rep/C
  -------------------------------------------------------------------    -------------------
                         FDRE (Prop_FDRE_C_Q)         0.114     0.155 r  grouped_input.sample_start_s_reg_rep/Q
                         net (fo=93, unplaced)        0.186     0.341    grouped_input.sample_start_s_reg_rep_n_0
                         LUT3 (Prop_LUT3_I1_O)        0.082     0.423 f  threshold_s[1]_i_1/O
                         net (fo=3, unplaced)         0.217     0.640    threshold_s[1]
                         LUT6 (Prop_LUT6_I5_O)        0.058     0.698 r  duration_s[0]_i_9/O
                         net (fo=1, unplaced)         0.227     0.925    duration_s[0]_i_9_n_0
                         CARRY8 (Prop_CARRY8_DI[0]_CO[6])
                                                      0.267     1.192 r  duration_s_reg[0]_i_2/CO[6]
                         net (fo=104, unplaced)       0.184     1.376    duration_s_reg[0]_i_2_n_1
                         LUT6 (Prop_LUT6_I1_O)        0.082     1.458 f  slot_s[2]_i_2/O
                         net (fo=114, unplaced)       0.299     1.757    slot_s[2]_i_2_n_0
                         LUT2 (Prop_LUT2_I0_O)        0.058     1.815 r  descriptor_memory_s_reg_0_15_0_13_i_1/O
                         net (fo=80, unplaced)        0.307     2.122    descriptor_memory_s_reg_0_15_0_13/WE
                         RAMD32                                       r  descriptor_memory_s_reg_0_15_0_13/RAMA_D1/WE
  -------------------------------------------------------------------    -------------------

                         (clock builder_clock rise edge)
                                                      3.200     3.200 r  <hidden>
                                                      0.000     3.200 r  clock_i
                         net (fo=379, unset)          0.059     3.259    descriptor_memory_s_reg_0_15_0_13/WCLK
                         RAMD32                                       r  descriptor_memory_s_reg_0_15_0_13/RAMA_D1/CLK
                         clock pessimism              0.000     3.259    <hidden>
                         clock uncertainty           -0.035     3.224    <hidden>
                         RAMD32 (Setup_RAMD32_CLK_WE)
                                                     -0.266     2.958    descriptor_memory_s_reg_0_15_0_13/RAMA_D1
  -------------------------------------------------------------------
                         required time                          2.958    <hidden>
                         arrival time                          -2.122    <hidden>
  -------------------------------------------------------------------
                         slack                                  0.836    <hidden>

Slack (MET) :             0.836ns  (required time - arrival time)
  Source:                 grouped_input.sample_start_s_reg_rep/C
                            (rising edge-triggered cell FDRE clocked by builder_clock  {rise@0.000ns fall@1.600ns period=3.200ns})
  Destination:            descriptor_memory_s_reg_0_15_0_13/RAMA_D1/WE
                            (rising edge-triggered cell RAMD32 clocked by builder_clock  {rise@0.000ns fall@1.600ns period=3.200ns})
  Path Group:             builder_clock
  Path Type:              Setup (Max at Slow Process Corner)
  Requirement:            3.200ns  (builder_clock rise@3.200ns - builder_clock rise@0.000ns)
  Data Path Delay:        2.081ns  (logic 0.661ns (31.764%)  route 1.420ns (68.236%))
  Logic Levels:           5  (CARRY8=1 LUT2=1 LUT3=1 LUT6=2)
  Clock Path Skew:        0.018ns (DCD - SCD + CPR)
    Destination Clock Delay (DCD):    0.059ns = ( 3.259 - 3.200 ) 
    Source Clock Delay      (SCD):    0.041ns
    Clock Pessimism Removal (CPR):    0.000ns
  Clock Uncertainty:      0.035ns  ((TSJ^2 + TIJ^2)^1/2 + DJ) / 2 + PE
    Total System Jitter     (TSJ):    0.071ns
    Total Input Jitter      (TIJ):    0.000ns
    Discrete Jitter          (DJ):    0.000ns
    Phase Error              (PE):    0.000ns

    Location             Delay type                Incr(ns)  Path(ns)    Netlist Resource(s)
  -------------------------------------------------------------------    -------------------
                         (clock builder_clock rise edge)
                                                      0.000     0.000 r  <hidden>
                                                      0.000     0.000 r  clock_i
                         net (fo=379, unset)          0.041     0.041    clock_i
                         FDRE                                         r  grouped_input.sample_start_s_reg_rep/C
  -------------------------------------------------------------------    -------------------
                         FDRE (Prop_FDRE_C_Q)         0.114     0.155 f  grouped_input.sample_start_s_reg_rep/Q
                         net (fo=93, unplaced)        0.186     0.341    grouped_input.sample_start_s_reg_rep_n_0
                         LUT3 (Prop_LUT3_I1_O)        0.082     0.423 f  threshold_s[1]_i_1/O
                         net (fo=3, unplaced)         0.217     0.640    threshold_s[1]
                         LUT6 (Prop_LUT6_I5_O)        0.058     0.698 r  duration_s[0]_i_9/O
                         net (fo=1, unplaced)         0.227     0.925    duration_s[0]_i_9_n_0
                         CARRY8 (Prop_CARRY8_DI[0]_CO[6])
                                                      0.267     1.192 r  duration_s_reg[0]_i_2/CO[6]
                         net (fo=104, unplaced)       0.184     1.376    duration_s_reg[0]_i_2_n_1
                         LUT6 (Prop_LUT6_I1_O)        0.082     1.458 f  slot_s[2]_i_2/O
                         net (fo=114, unplaced)       0.299     1.757    slot_s[2]_i_2_n_0
                         LUT2 (Prop_LUT2_I0_O)        0.058     1.815 r  descriptor_memory_s_reg_0_15_0_13_i_1/O
                         net (fo=80, unplaced)        0.307     2.122    descriptor_memory_s_reg_0_15_0_13/WE
                         RAMD32                                       r  descriptor_memory_s_reg_0_15_0_13/RAMA_D1/WE
  -------------------------------------------------------------------    -------------------

                         (clock builder_clock rise edge)
                                                      3.200     3.200 r  <hidden>
                                                      0.000     3.200 r  clock_i
                         net (fo=379, unset)          0.059     3.259    descriptor_memory_s_reg_0_15_0_13/WCLK
                         RAMD32                                       r  descriptor_memory_s_reg_0_15_0_13/RAMA_D1/CLK
                         clock pessimism              0.000     3.259    <hidden>
                         clock uncertainty           -0.035     3.224    <hidden>
                         RAMD32 (Setup_RAMD32_CLK_WE)
                                                     -0.266     2.958    descriptor_memory_s_reg_0_15_0_13/RAMA_D1
  -------------------------------------------------------------------
                         required time                          2.958    <hidden>
                         arrival time                          -2.122    <hidden>
  -------------------------------------------------------------------
                         slack                                  0.836    <hidden>

Slack (MET) :             0.836ns  (required time - arrival time)
  Source:                 grouped_input.sample_start_s_reg_rep/C
                            (rising edge-triggered cell FDRE clocked by builder_clock  {rise@0.000ns fall@1.600ns period=3.200ns})
  Destination:            descriptor_memory_s_reg_0_15_0_13/RAMA_D1/WE
                            (rising edge-triggered cell RAMD32 clocked by builder_clock  {rise@0.000ns fall@1.600ns period=3.200ns})
  Path Group:             builder_clock
  Path Type:              Setup (Max at Slow Process Corner)
  Requirement:            3.200ns  (builder_clock rise@3.200ns - builder_clock rise@0.000ns)
  Data Path Delay:        2.081ns  (logic 0.661ns (31.764%)  route 1.420ns (68.236%))
  Logic Levels:           5  (CARRY8=1 LUT2=1 LUT3=1 LUT6=2)
  Clock Path Skew:        0.018ns (DCD - SCD + CPR)
    Destination Clock Delay (DCD):    0.059ns = ( 3.259 - 3.200 ) 
    Source Clock Delay      (SCD):    0.041ns
    Clock Pessimism Removal (CPR):    0.000ns
  Clock Uncertainty:      0.035ns  ((TSJ^2 + TIJ^2)^1/2 + DJ) / 2 + PE
    Total System Jitter     (TSJ):    0.071ns
    Total Input Jitter      (TIJ):    0.000ns
    Discrete Jitter          (DJ):    0.000ns
    Phase Error              (PE):    0.000ns

    Location             Delay type                Incr(ns)  Path(ns)    Netlist Resource(s)
  -------------------------------------------------------------------    -------------------
                         (clock builder_clock rise edge)
                                                      0.000     0.000 r  <hidden>
                                                      0.000     0.000 r  clock_i
                         net (fo=379, unset)          0.041     0.041    clock_i
                         FDRE                                         r  grouped_input.sample_start_s_reg_rep/C
  -------------------------------------------------------------------    -------------------
                         FDRE (Prop_FDRE_C_Q)         0.114     0.155 r  grouped_input.sample_start_s_reg_rep/Q
                         net (fo=93, unplaced)        0.186     0.341    grouped_input.sample_start_s_reg_rep_n_0
                         LUT3 (Prop_LUT3_I1_O)        0.082     0.423 r  threshold_s[1]_i_1/O
                         net (fo=3, unplaced)         0.217     0.640    threshold_s[1]
                         LUT6 (Prop_LUT6_I5_O)        0.058     0.698 f  duration_s[0]_i_9/O
                         net (fo=1, unplaced)         0.227     0.925    duration_s[0]_i_9_n_0
                         CARRY8 (Prop_CARRY8_DI[0]_CO[6])
                                                      0.267     1.192 f  duration_s_reg[0]_i_2/CO[6]
                         net (fo=104, unplaced)       0.184     1.376    duration_s_reg[0]_i_2_n_1
                         LUT6 (Prop_LUT6_I1_O)        0.082     1.458 r  slot_s[2]_i_2/O
                         net (fo=114, unplaced)       0.299     1.757    slot_s[2]_i_2_n_0
                         LUT2 (Prop_LUT2_I0_O)        0.058     1.815 f  descriptor_memory_s_reg_0_15_0_13_i_1/O
                         net (fo=80, unplaced)        0.307     2.122    descriptor_memory_s_reg_0_15_0_13/WE
                         RAMD32                                       f  descriptor_memory_s_reg_0_15_0_13/RAMA_D1/WE
  -------------------------------------------------------------------    -------------------

                         (clock builder_clock rise edge)
                                                      3.200     3.200 r  <hidden>
                                                      0.000     3.200 r  clock_i
                         net (fo=379, unset)          0.059     3.259    descriptor_memory_s_reg_0_15_0_13/WCLK
                         RAMD32                                       r  descriptor_memory_s_reg_0_15_0_13/RAMA_D1/CLK
                         clock pessimism              0.000     3.259    <hidden>
                         clock uncertainty           -0.035     3.224    <hidden>
                         RAMD32 (Setup_RAMD32_CLK_WE)
                                                     -0.266     2.958    descriptor_memory_s_reg_0_15_0_13/RAMA_D1
  -------------------------------------------------------------------
                         required time                          2.958    <hidden>
                         arrival time                          -2.122    <hidden>
  -------------------------------------------------------------------
                         slack                                  0.836    <hidden>

Slack (MET) :             0.836ns  (required time - arrival time)
  Source:                 grouped_input.sample_start_s_reg_rep/C
                            (rising edge-triggered cell FDRE clocked by builder_clock  {rise@0.000ns fall@1.600ns period=3.200ns})
  Destination:            descriptor_memory_s_reg_0_15_0_13/RAMB/WE
                            (rising edge-triggered cell RAMD32 clocked by builder_clock  {rise@0.000ns fall@1.600ns period=3.200ns})
  Path Group:             builder_clock
  Path Type:              Setup (Max at Slow Process Corner)
  Requirement:            3.200ns  (builder_clock rise@3.200ns - builder_clock rise@0.000ns)
  Data Path Delay:        2.081ns  (logic 0.661ns (31.764%)  route 1.420ns (68.236%))
  Logic Levels:           5  (CARRY8=1 LUT2=1 LUT3=1 LUT6=2)
  Clock Path Skew:        0.018ns (DCD - SCD + CPR)
    Destination Clock Delay (DCD):    0.059ns = ( 3.259 - 3.200 ) 
    Source Clock Delay      (SCD):    0.041ns
    Clock Pessimism Removal (CPR):    0.000ns
  Clock Uncertainty:      0.035ns  ((TSJ^2 + TIJ^2)^1/2 + DJ) / 2 + PE
    Total System Jitter     (TSJ):    0.071ns
    Total Input Jitter      (TIJ):    0.000ns
    Discrete Jitter          (DJ):    0.000ns
    Phase Error              (PE):    0.000ns

    Location             Delay type                Incr(ns)  Path(ns)    Netlist Resource(s)
  -------------------------------------------------------------------    -------------------
                         (clock builder_clock rise edge)
                                                      0.000     0.000 r  <hidden>
                                                      0.000     0.000 r  clock_i
                         net (fo=379, unset)          0.041     0.041    clock_i
                         FDRE                                         r  grouped_input.sample_start_s_reg_rep/C
  -------------------------------------------------------------------    -------------------
                         FDRE (Prop_FDRE_C_Q)         0.114     0.155 r  grouped_input.sample_start_s_reg_rep/Q
                         net (fo=93, unplaced)        0.186     0.341    grouped_input.sample_start_s_reg_rep_n_0
                         LUT3 (Prop_LUT3_I1_O)        0.082     0.423 f  threshold_s[1]_i_1/O
                         net (fo=3, unplaced)         0.217     0.640    threshold_s[1]
                         LUT6 (Prop_LUT6_I5_O)        0.058     0.698 r  duration_s[0]_i_9/O
                         net (fo=1, unplaced)         0.227     0.925    duration_s[0]_i_9_n_0
                         CARRY8 (Prop_CARRY8_DI[0]_CO[6])
                                                      0.267     1.192 r  duration_s_reg[0]_i_2/CO[6]
                         net (fo=104, unplaced)       0.184     1.376    duration_s_reg[0]_i_2_n_1
                         LUT6 (Prop_LUT6_I1_O)        0.082     1.458 f  slot_s[2]_i_2/O
                         net (fo=114, unplaced)       0.299     1.757    slot_s[2]_i_2_n_0
                         LUT2 (Prop_LUT2_I0_O)        0.058     1.815 r  descriptor_memory_s_reg_0_15_0_13_i_1/O
                         net (fo=80, unplaced)        0.307     2.122    descriptor_memory_s_reg_0_15_0_13/WE
                         RAMD32                                       r  descriptor_memory_s_reg_0_15_0_13/RAMB/WE
  -------------------------------------------------------------------    -------------------

                         (clock builder_clock rise edge)
                                                      3.200     3.200 r  <hidden>
                                                      0.000     3.200 r  clock_i
                         net (fo=379, unset)          0.059     3.259    descriptor_memory_s_reg_0_15_0_13/WCLK
                         RAMD32                                       r  descriptor_memory_s_reg_0_15_0_13/RAMB/CLK
                         clock pessimism              0.000     3.259    <hidden>
                         clock uncertainty           -0.035     3.224    <hidden>
                         RAMD32 (Setup_RAMD32_CLK_WE)
                                                     -0.266     2.958    descriptor_memory_s_reg_0_15_0_13/RAMB
  -------------------------------------------------------------------
                         required time                          2.958    <hidden>
                         arrival time                          -2.122    <hidden>
  -------------------------------------------------------------------
                         slack                                  0.836    <hidden>

Slack (MET) :             0.836ns  (required time - arrival time)
  Source:                 grouped_input.sample_start_s_reg_rep/C
                            (rising edge-triggered cell FDRE clocked by builder_clock  {rise@0.000ns fall@1.600ns period=3.200ns})
  Destination:            descriptor_memory_s_reg_0_15_0_13/RAMB/WE
                            (rising edge-triggered cell RAMD32 clocked by builder_clock  {rise@0.000ns fall@1.600ns period=3.200ns})
  Path Group:             builder_clock
  Path Type:              Setup (Max at Slow Process Corner)
  Requirement:            3.200ns  (builder_clock rise@3.200ns - builder_clock rise@0.000ns)
  Data Path Delay:        2.081ns  (logic 0.661ns (31.764%)  route 1.420ns (68.236%))
  Logic Levels:           5  (CARRY8=1 LUT2=1 LUT3=1 LUT6=2)
  Clock Path Skew:        0.018ns (DCD - SCD + CPR)
    Destination Clock Delay (DCD):    0.059ns = ( 3.259 - 3.200 ) 
    Source Clock Delay      (SCD):    0.041ns
    Clock Pessimism Removal (CPR):    0.000ns
  Clock Uncertainty:      0.035ns  ((TSJ^2 + TIJ^2)^1/2 + DJ) / 2 + PE
    Total System Jitter     (TSJ):    0.071ns
    Total Input Jitter      (TIJ):    0.000ns
    Discrete Jitter          (DJ):    0.000ns
    Phase Error              (PE):    0.000ns

    Location             Delay type                Incr(ns)  Path(ns)    Netlist Resource(s)
  -------------------------------------------------------------------    -------------------
                         (clock builder_clock rise edge)
                                                      0.000     0.000 r  <hidden>
                                                      0.000     0.000 r  clock_i
                         net (fo=379, unset)          0.041     0.041    clock_i
                         FDRE                                         r  grouped_input.sample_start_s_reg_rep/C
  -------------------------------------------------------------------    -------------------
                         FDRE (Prop_FDRE_C_Q)         0.114     0.155 f  grouped_input.sample_start_s_reg_rep/Q
                         net (fo=93, unplaced)        0.186     0.341    grouped_input.sample_start_s_reg_rep_n_0
                         LUT3 (Prop_LUT3_I1_O)        0.082     0.423 f  threshold_s[1]_i_1/O
                         net (fo=3, unplaced)         0.217     0.640    threshold_s[1]
                         LUT6 (Prop_LUT6_I5_O)        0.058     0.698 r  duration_s[0]_i_9/O
                         net (fo=1, unplaced)         0.227     0.925    duration_s[0]_i_9_n_0
                         CARRY8 (Prop_CARRY8_DI[0]_CO[6])
                                                      0.267     1.192 r  duration_s_reg[0]_i_2/CO[6]
                         net (fo=104, unplaced)       0.184     1.376    duration_s_reg[0]_i_2_n_1
                         LUT6 (Prop_LUT6_I1_O)        0.082     1.458 f  slot_s[2]_i_2/O
                         net (fo=114, unplaced)       0.299     1.757    slot_s[2]_i_2_n_0
                         LUT2 (Prop_LUT2_I0_O)        0.058     1.815 r  descriptor_memory_s_reg_0_15_0_13_i_1/O
                         net (fo=80, unplaced)        0.307     2.122    descriptor_memory_s_reg_0_15_0_13/WE
                         RAMD32                                       r  descriptor_memory_s_reg_0_15_0_13/RAMB/WE
  -------------------------------------------------------------------    -------------------

                         (clock builder_clock rise edge)
                                                      3.200     3.200 r  <hidden>
                                                      0.000     3.200 r  clock_i
                         net (fo=379, unset)          0.059     3.259    descriptor_memory_s_reg_0_15_0_13/WCLK
                         RAMD32                                       r  descriptor_memory_s_reg_0_15_0_13/RAMB/CLK
                         clock pessimism              0.000     3.259    <hidden>
                         clock uncertainty           -0.035     3.224    <hidden>
                         RAMD32 (Setup_RAMD32_CLK_WE)
                                                     -0.266     2.958    descriptor_memory_s_reg_0_15_0_13/RAMB
  -------------------------------------------------------------------
                         required time                          2.958    <hidden>
                         arrival time                          -2.122    <hidden>
  -------------------------------------------------------------------
                         slack                                  0.836    <hidden>

Slack (MET) :             0.836ns  (required time - arrival time)
  Source:                 grouped_input.sample_start_s_reg_rep/C
                            (rising edge-triggered cell FDRE clocked by builder_clock  {rise@0.000ns fall@1.600ns period=3.200ns})
  Destination:            descriptor_memory_s_reg_0_15_0_13/RAMB/WE
                            (rising edge-triggered cell RAMD32 clocked by builder_clock  {rise@0.000ns fall@1.600ns period=3.200ns})
  Path Group:             builder_clock
  Path Type:              Setup (Max at Slow Process Corner)
  Requirement:            3.200ns  (builder_clock rise@3.200ns - builder_clock rise@0.000ns)
  Data Path Delay:        2.081ns  (logic 0.661ns (31.764%)  route 1.420ns (68.236%))
  Logic Levels:           5  (CARRY8=1 LUT2=1 LUT3=1 LUT6=2)
  Clock Path Skew:        0.018ns (DCD - SCD + CPR)
    Destination Clock Delay (DCD):    0.059ns = ( 3.259 - 3.200 ) 
    Source Clock Delay      (SCD):    0.041ns
    Clock Pessimism Removal (CPR):    0.000ns
  Clock Uncertainty:      0.035ns  ((TSJ^2 + TIJ^2)^1/2 + DJ) / 2 + PE
    Total System Jitter     (TSJ):    0.071ns
    Total Input Jitter      (TIJ):    0.000ns
    Discrete Jitter          (DJ):    0.000ns
    Phase Error              (PE):    0.000ns

    Location             Delay type                Incr(ns)  Path(ns)    Netlist Resource(s)
  -------------------------------------------------------------------    -------------------
                         (clock builder_clock rise edge)
                                                      0.000     0.000 r  <hidden>
                                                      0.000     0.000 r  clock_i
                         net (fo=379, unset)          0.041     0.041    clock_i
                         FDRE                                         r  grouped_input.sample_start_s_reg_rep/C
  -------------------------------------------------------------------    -------------------
                         FDRE (Prop_FDRE_C_Q)         0.114     0.155 r  grouped_input.sample_start_s_reg_rep/Q
                         net (fo=93, unplaced)        0.186     0.341    grouped_input.sample_start_s_reg_rep_n_0
                         LUT3 (Prop_LUT3_I1_O)        0.082     0.423 r  threshold_s[1]_i_1/O
                         net (fo=3, unplaced)         0.217     0.640    threshold_s[1]
                         LUT6 (Prop_LUT6_I5_O)        0.058     0.698 f  duration_s[0]_i_9/O
                         net (fo=1, unplaced)         0.227     0.925    duration_s[0]_i_9_n_0
                         CARRY8 (Prop_CARRY8_DI[0]_CO[6])
                                                      0.267     1.192 f  duration_s_reg[0]_i_2/CO[6]
                         net (fo=104, unplaced)       0.184     1.376    duration_s_reg[0]_i_2_n_1
                         LUT6 (Prop_LUT6_I1_O)        0.082     1.458 r  slot_s[2]_i_2/O
                         net (fo=114, unplaced)       0.299     1.757    slot_s[2]_i_2_n_0
                         LUT2 (Prop_LUT2_I0_O)        0.058     1.815 f  descriptor_memory_s_reg_0_15_0_13_i_1/O
                         net (fo=80, unplaced)        0.307     2.122    descriptor_memory_s_reg_0_15_0_13/WE
                         RAMD32                                       f  descriptor_memory_s_reg_0_15_0_13/RAMB/WE
  -------------------------------------------------------------------    -------------------

                         (clock builder_clock rise edge)
                                                      3.200     3.200 r  <hidden>
                                                      0.000     3.200 r  clock_i
                         net (fo=379, unset)          0.059     3.259    descriptor_memory_s_reg_0_15_0_13/WCLK
                         RAMD32                                       r  descriptor_memory_s_reg_0_15_0_13/RAMB/CLK
                         clock pessimism              0.000     3.259    <hidden>
                         clock uncertainty           -0.035     3.224    <hidden>
                         RAMD32 (Setup_RAMD32_CLK_WE)
                                                     -0.266     2.958    descriptor_memory_s_reg_0_15_0_13/RAMB
  -------------------------------------------------------------------
                         required time                          2.958    <hidden>
                         arrival time                          -2.122    <hidden>
  -------------------------------------------------------------------
                         slack                                  0.836    <hidden>

Slack (MET) :             0.836ns  (required time - arrival time)
  Source:                 grouped_input.sample_start_s_reg_rep/C
                            (rising edge-triggered cell FDRE clocked by builder_clock  {rise@0.000ns fall@1.600ns period=3.200ns})
  Destination:            descriptor_memory_s_reg_0_15_0_13/RAMB_D1/WE
                            (rising edge-triggered cell RAMD32 clocked by builder_clock  {rise@0.000ns fall@1.600ns period=3.200ns})
  Path Group:             builder_clock
  Path Type:              Setup (Max at Slow Process Corner)
  Requirement:            3.200ns  (builder_clock rise@3.200ns - builder_clock rise@0.000ns)
  Data Path Delay:        2.081ns  (logic 0.661ns (31.764%)  route 1.420ns (68.236%))
  Logic Levels:           5  (CARRY8=1 LUT2=1 LUT3=1 LUT6=2)
  Clock Path Skew:        0.018ns (DCD - SCD + CPR)
    Destination Clock Delay (DCD):    0.059ns = ( 3.259 - 3.200 ) 
    Source Clock Delay      (SCD):    0.041ns
    Clock Pessimism Removal (CPR):    0.000ns
  Clock Uncertainty:      0.035ns  ((TSJ^2 + TIJ^2)^1/2 + DJ) / 2 + PE
    Total System Jitter     (TSJ):    0.071ns
    Total Input Jitter      (TIJ):    0.000ns
    Discrete Jitter          (DJ):    0.000ns
    Phase Error              (PE):    0.000ns

    Location             Delay type                Incr(ns)  Path(ns)    Netlist Resource(s)
  -------------------------------------------------------------------    -------------------
                         (clock builder_clock rise edge)
                                                      0.000     0.000 r  <hidden>
                                                      0.000     0.000 r  clock_i
                         net (fo=379, unset)          0.041     0.041    clock_i
                         FDRE                                         r  grouped_input.sample_start_s_reg_rep/C
  -------------------------------------------------------------------    -------------------
                         FDRE (Prop_FDRE_C_Q)         0.114     0.155 r  grouped_input.sample_start_s_reg_rep/Q
                         net (fo=93, unplaced)        0.186     0.341    grouped_input.sample_start_s_reg_rep_n_0
                         LUT3 (Prop_LUT3_I1_O)        0.082     0.423 f  threshold_s[1]_i_1/O
                         net (fo=3, unplaced)         0.217     0.640    threshold_s[1]
                         LUT6 (Prop_LUT6_I5_O)        0.058     0.698 r  duration_s[0]_i_9/O
                         net (fo=1, unplaced)         0.227     0.925    duration_s[0]_i_9_n_0
                         CARRY8 (Prop_CARRY8_DI[0]_CO[6])
                                                      0.267     1.192 r  duration_s_reg[0]_i_2/CO[6]
                         net (fo=104, unplaced)       0.184     1.376    duration_s_reg[0]_i_2_n_1
                         LUT6 (Prop_LUT6_I1_O)        0.082     1.458 f  slot_s[2]_i_2/O
                         net (fo=114, unplaced)       0.299     1.757    slot_s[2]_i_2_n_0
                         LUT2 (Prop_LUT2_I0_O)        0.058     1.815 r  descriptor_memory_s_reg_0_15_0_13_i_1/O
                         net (fo=80, unplaced)        0.307     2.122    descriptor_memory_s_reg_0_15_0_13/WE
                         RAMD32                                       r  descriptor_memory_s_reg_0_15_0_13/RAMB_D1/WE
  -------------------------------------------------------------------    -------------------

                         (clock builder_clock rise edge)
                                                      3.200     3.200 r  <hidden>
                                                      0.000     3.200 r  clock_i
                         net (fo=379, unset)          0.059     3.259    descriptor_memory_s_reg_0_15_0_13/WCLK
                         RAMD32                                       r  descriptor_memory_s_reg_0_15_0_13/RAMB_D1/CLK
                         clock pessimism              0.000     3.259    <hidden>
                         clock uncertainty           -0.035     3.224    <hidden>
                         RAMD32 (Setup_RAMD32_CLK_WE)
                                                     -0.266     2.958    descriptor_memory_s_reg_0_15_0_13/RAMB_D1
  -------------------------------------------------------------------
                         required time                          2.958    <hidden>
                         arrival time                          -2.122    <hidden>
  -------------------------------------------------------------------
                         slack                                  0.836    <hidden>

Slack (MET) :             0.836ns  (required time - arrival time)
  Source:                 grouped_input.sample_start_s_reg_rep/C
                            (rising edge-triggered cell FDRE clocked by builder_clock  {rise@0.000ns fall@1.600ns period=3.200ns})
  Destination:            descriptor_memory_s_reg_0_15_0_13/RAMB_D1/WE
                            (rising edge-triggered cell RAMD32 clocked by builder_clock  {rise@0.000ns fall@1.600ns period=3.200ns})
  Path Group:             builder_clock
  Path Type:              Setup (Max at Slow Process Corner)
  Requirement:            3.200ns  (builder_clock rise@3.200ns - builder_clock rise@0.000ns)
  Data Path Delay:        2.081ns  (logic 0.661ns (31.764%)  route 1.420ns (68.236%))
  Logic Levels:           5  (CARRY8=1 LUT2=1 LUT3=1 LUT6=2)
  Clock Path Skew:        0.018ns (DCD - SCD + CPR)
    Destination Clock Delay (DCD):    0.059ns = ( 3.259 - 3.200 ) 
    Source Clock Delay      (SCD):    0.041ns
    Clock Pessimism Removal (CPR):    0.000ns
  Clock Uncertainty:      0.035ns  ((TSJ^2 + TIJ^2)^1/2 + DJ) / 2 + PE
    Total System Jitter     (TSJ):    0.071ns
    Total Input Jitter      (TIJ):    0.000ns
    Discrete Jitter          (DJ):    0.000ns
    Phase Error              (PE):    0.000ns

    Location             Delay type                Incr(ns)  Path(ns)    Netlist Resource(s)
  -------------------------------------------------------------------    -------------------
                         (clock builder_clock rise edge)
                                                      0.000     0.000 r  <hidden>
                                                      0.000     0.000 r  clock_i
                         net (fo=379, unset)          0.041     0.041    clock_i
                         FDRE                                         r  grouped_input.sample_start_s_reg_rep/C
  -------------------------------------------------------------------    -------------------
                         FDRE (Prop_FDRE_C_Q)         0.114     0.155 f  grouped_input.sample_start_s_reg_rep/Q
                         net (fo=93, unplaced)        0.186     0.341    grouped_input.sample_start_s_reg_rep_n_0
                         LUT3 (Prop_LUT3_I1_O)        0.082     0.423 f  threshold_s[1]_i_1/O
                         net (fo=3, unplaced)         0.217     0.640    threshold_s[1]
                         LUT6 (Prop_LUT6_I5_O)        0.058     0.698 r  duration_s[0]_i_9/O
                         net (fo=1, unplaced)         0.227     0.925    duration_s[0]_i_9_n_0
                         CARRY8 (Prop_CARRY8_DI[0]_CO[6])
                                                      0.267     1.192 r  duration_s_reg[0]_i_2/CO[6]
                         net (fo=104, unplaced)       0.184     1.376    duration_s_reg[0]_i_2_n_1
                         LUT6 (Prop_LUT6_I1_O)        0.082     1.458 f  slot_s[2]_i_2/O
                         net (fo=114, unplaced)       0.299     1.757    slot_s[2]_i_2_n_0
                         LUT2 (Prop_LUT2_I0_O)        0.058     1.815 r  descriptor_memory_s_reg_0_15_0_13_i_1/O
                         net (fo=80, unplaced)        0.307     2.122    descriptor_memory_s_reg_0_15_0_13/WE
                         RAMD32                                       r  descriptor_memory_s_reg_0_15_0_13/RAMB_D1/WE
  -------------------------------------------------------------------    -------------------

                         (clock builder_clock rise edge)
                                                      3.200     3.200 r  <hidden>
                                                      0.000     3.200 r  clock_i
                         net (fo=379, unset)          0.059     3.259    descriptor_memory_s_reg_0_15_0_13/WCLK
                         RAMD32                                       r  descriptor_memory_s_reg_0_15_0_13/RAMB_D1/CLK
                         clock pessimism              0.000     3.259    <hidden>
                         clock uncertainty           -0.035     3.224    <hidden>
                         RAMD32 (Setup_RAMD32_CLK_WE)
                                                     -0.266     2.958    descriptor_memory_s_reg_0_15_0_13/RAMB_D1
  -------------------------------------------------------------------
                         required time                          2.958    <hidden>
                         arrival time                          -2.122    <hidden>
  -------------------------------------------------------------------
                         slack                                  0.836    <hidden>

Slack (MET) :             0.836ns  (required time - arrival time)
  Source:                 grouped_input.sample_start_s_reg_rep/C
                            (rising edge-triggered cell FDRE clocked by builder_clock  {rise@0.000ns fall@1.600ns period=3.200ns})
  Destination:            descriptor_memory_s_reg_0_15_0_13/RAMB_D1/WE
                            (rising edge-triggered cell RAMD32 clocked by builder_clock  {rise@0.000ns fall@1.600ns period=3.200ns})
  Path Group:             builder_clock
  Path Type:              Setup (Max at Slow Process Corner)
  Requirement:            3.200ns  (builder_clock rise@3.200ns - builder_clock rise@0.000ns)
  Data Path Delay:        2.081ns  (logic 0.661ns (31.764%)  route 1.420ns (68.236%))
  Logic Levels:           5  (CARRY8=1 LUT2=1 LUT3=1 LUT6=2)
  Clock Path Skew:        0.018ns (DCD - SCD + CPR)
    Destination Clock Delay (DCD):    0.059ns = ( 3.259 - 3.200 ) 
    Source Clock Delay      (SCD):    0.041ns
    Clock Pessimism Removal (CPR):    0.000ns
  Clock Uncertainty:      0.035ns  ((TSJ^2 + TIJ^2)^1/2 + DJ) / 2 + PE
    Total System Jitter     (TSJ):    0.071ns
    Total Input Jitter      (TIJ):    0.000ns
    Discrete Jitter          (DJ):    0.000ns
    Phase Error              (PE):    0.000ns

    Location             Delay type                Incr(ns)  Path(ns)    Netlist Resource(s)
  -------------------------------------------------------------------    -------------------
                         (clock builder_clock rise edge)
                                                      0.000     0.000 r  <hidden>
                                                      0.000     0.000 r  clock_i
                         net (fo=379, unset)          0.041     0.041    clock_i
                         FDRE                                         r  grouped_input.sample_start_s_reg_rep/C
  -------------------------------------------------------------------    -------------------
                         FDRE (Prop_FDRE_C_Q)         0.114     0.155 r  grouped_input.sample_start_s_reg_rep/Q
                         net (fo=93, unplaced)        0.186     0.341    grouped_input.sample_start_s_reg_rep_n_0
                         LUT3 (Prop_LUT3_I1_O)        0.082     0.423 r  threshold_s[1]_i_1/O
                         net (fo=3, unplaced)         0.217     0.640    threshold_s[1]
                         LUT6 (Prop_LUT6_I5_O)        0.058     0.698 f  duration_s[0]_i_9/O
                         net (fo=1, unplaced)         0.227     0.925    duration_s[0]_i_9_n_0
                         CARRY8 (Prop_CARRY8_DI[0]_CO[6])
                                                      0.267     1.192 f  duration_s_reg[0]_i_2/CO[6]
                         net (fo=104, unplaced)       0.184     1.376    duration_s_reg[0]_i_2_n_1
                         LUT6 (Prop_LUT6_I1_O)        0.082     1.458 r  slot_s[2]_i_2/O
                         net (fo=114, unplaced)       0.299     1.757    slot_s[2]_i_2_n_0
                         LUT2 (Prop_LUT2_I0_O)        0.058     1.815 f  descriptor_memory_s_reg_0_15_0_13_i_1/O
                         net (fo=80, unplaced)        0.307     2.122    descriptor_memory_s_reg_0_15_0_13/WE
                         RAMD32                                       f  descriptor_memory_s_reg_0_15_0_13/RAMB_D1/WE
  -------------------------------------------------------------------    -------------------

                         (clock builder_clock rise edge)
                                                      3.200     3.200 r  <hidden>
                                                      0.000     3.200 r  clock_i
                         net (fo=379, unset)          0.059     3.259    descriptor_memory_s_reg_0_15_0_13/WCLK
                         RAMD32                                       r  descriptor_memory_s_reg_0_15_0_13/RAMB_D1/CLK
                         clock pessimism              0.000     3.259    <hidden>
                         clock uncertainty           -0.035     3.224    <hidden>
                         RAMD32 (Setup_RAMD32_CLK_WE)
                                                     -0.266     2.958    descriptor_memory_s_reg_0_15_0_13/RAMB_D1
  -------------------------------------------------------------------
                         required time                          2.958    <hidden>
                         arrival time                          -2.122    <hidden>
  -------------------------------------------------------------------
                         slack                                  0.836    <hidden>

Slack (MET) :             0.836ns  (required time - arrival time)
  Source:                 grouped_input.sample_start_s_reg_rep/C
                            (rising edge-triggered cell FDRE clocked by builder_clock  {rise@0.000ns fall@1.600ns period=3.200ns})
  Destination:            descriptor_memory_s_reg_0_15_0_13/RAMC/WE
                            (rising edge-triggered cell RAMD32 clocked by builder_clock  {rise@0.000ns fall@1.600ns period=3.200ns})
  Path Group:             builder_clock
  Path Type:              Setup (Max at Slow Process Corner)
  Requirement:            3.200ns  (builder_clock rise@3.200ns - builder_clock rise@0.000ns)
  Data Path Delay:        2.081ns  (logic 0.661ns (31.764%)  route 1.420ns (68.236%))
  Logic Levels:           5  (CARRY8=1 LUT2=1 LUT3=1 LUT6=2)
  Clock Path Skew:        0.018ns (DCD - SCD + CPR)
    Destination Clock Delay (DCD):    0.059ns = ( 3.259 - 3.200 ) 
    Source Clock Delay      (SCD):    0.041ns
    Clock Pessimism Removal (CPR):    0.000ns
  Clock Uncertainty:      0.035ns  ((TSJ^2 + TIJ^2)^1/2 + DJ) / 2 + PE
    Total System Jitter     (TSJ):    0.071ns
    Total Input Jitter      (TIJ):    0.000ns
    Discrete Jitter          (DJ):    0.000ns
    Phase Error              (PE):    0.000ns

    Location             Delay type                Incr(ns)  Path(ns)    Netlist Resource(s)
  -------------------------------------------------------------------    -------------------
                         (clock builder_clock rise edge)
                                                      0.000     0.000 r  <hidden>
                                                      0.000     0.000 r  clock_i
                         net (fo=379, unset)          0.041     0.041    clock_i
                         FDRE                                         r  grouped_input.sample_start_s_reg_rep/C
  -------------------------------------------------------------------    -------------------
                         FDRE (Prop_FDRE_C_Q)         0.114     0.155 r  grouped_input.sample_start_s_reg_rep/Q
                         net (fo=93, unplaced)        0.186     0.341    grouped_input.sample_start_s_reg_rep_n_0
                         LUT3 (Prop_LUT3_I1_O)        0.082     0.423 f  threshold_s[1]_i_1/O
                         net (fo=3, unplaced)         0.217     0.640    threshold_s[1]
                         LUT6 (Prop_LUT6_I5_O)        0.058     0.698 r  duration_s[0]_i_9/O
                         net (fo=1, unplaced)         0.227     0.925    duration_s[0]_i_9_n_0
                         CARRY8 (Prop_CARRY8_DI[0]_CO[6])
                                                      0.267     1.192 r  duration_s_reg[0]_i_2/CO[6]
                         net (fo=104, unplaced)       0.184     1.376    duration_s_reg[0]_i_2_n_1
                         LUT6 (Prop_LUT6_I1_O)        0.082     1.458 f  slot_s[2]_i_2/O
                         net (fo=114, unplaced)       0.299     1.757    slot_s[2]_i_2_n_0
                         LUT2 (Prop_LUT2_I0_O)        0.058     1.815 r  descriptor_memory_s_reg_0_15_0_13_i_1/O
                         net (fo=80, unplaced)        0.307     2.122    descriptor_memory_s_reg_0_15_0_13/WE
                         RAMD32                                       r  descriptor_memory_s_reg_0_15_0_13/RAMC/WE
  -------------------------------------------------------------------    -------------------

                         (clock builder_clock rise edge)
                                                      3.200     3.200 r  <hidden>
                                                      0.000     3.200 r  clock_i
                         net (fo=379, unset)          0.059     3.259    descriptor_memory_s_reg_0_15_0_13/WCLK
                         RAMD32                                       r  descriptor_memory_s_reg_0_15_0_13/RAMC/CLK
                         clock pessimism              0.000     3.259    <hidden>
                         clock uncertainty           -0.035     3.224    <hidden>
                         RAMD32 (Setup_RAMD32_CLK_WE)
                                                     -0.266     2.958    descriptor_memory_s_reg_0_15_0_13/RAMC
  -------------------------------------------------------------------
                         required time                          2.958    <hidden>
                         arrival time                          -2.122    <hidden>
  -------------------------------------------------------------------
                         slack                                  0.836    <hidden>

Slack (MET) :             0.836ns  (required time - arrival time)
  Source:                 grouped_input.sample_start_s_reg_rep/C
                            (rising edge-triggered cell FDRE clocked by builder_clock  {rise@0.000ns fall@1.600ns period=3.200ns})
  Destination:            descriptor_memory_s_reg_0_15_0_13/RAMC/WE
                            (rising edge-triggered cell RAMD32 clocked by builder_clock  {rise@0.000ns fall@1.600ns period=3.200ns})
  Path Group:             builder_clock
  Path Type:              Setup (Max at Slow Process Corner)
  Requirement:            3.200ns  (builder_clock rise@3.200ns - builder_clock rise@0.000ns)
  Data Path Delay:        2.081ns  (logic 0.661ns (31.764%)  route 1.420ns (68.236%))
  Logic Levels:           5  (CARRY8=1 LUT2=1 LUT3=1 LUT6=2)
  Clock Path Skew:        0.018ns (DCD - SCD + CPR)
    Destination Clock Delay (DCD):    0.059ns = ( 3.259 - 3.200 ) 
    Source Clock Delay      (SCD):    0.041ns
    Clock Pessimism Removal (CPR):    0.000ns
  Clock Uncertainty:      0.035ns  ((TSJ^2 + TIJ^2)^1/2 + DJ) / 2 + PE
    Total System Jitter     (TSJ):    0.071ns
    Total Input Jitter      (TIJ):    0.000ns
    Discrete Jitter          (DJ):    0.000ns
    Phase Error              (PE):    0.000ns

    Location             Delay type                Incr(ns)  Path(ns)    Netlist Resource(s)
  -------------------------------------------------------------------    -------------------
                         (clock builder_clock rise edge)
                                                      0.000     0.000 r  <hidden>
                                                      0.000     0.000 r  clock_i
                         net (fo=379, unset)          0.041     0.041    clock_i
                         FDRE                                         r  grouped_input.sample_start_s_reg_rep/C
  -------------------------------------------------------------------    -------------------
                         FDRE (Prop_FDRE_C_Q)         0.114     0.155 f  grouped_input.sample_start_s_reg_rep/Q
                         net (fo=93, unplaced)        0.186     0.341    grouped_input.sample_start_s_reg_rep_n_0
                         LUT3 (Prop_LUT3_I1_O)        0.082     0.423 f  threshold_s[1]_i_1/O
                         net (fo=3, unplaced)         0.217     0.640    threshold_s[1]
                         LUT6 (Prop_LUT6_I5_O)        0.058     0.698 r  duration_s[0]_i_9/O
                         net (fo=1, unplaced)         0.227     0.925    duration_s[0]_i_9_n_0
                         CARRY8 (Prop_CARRY8_DI[0]_CO[6])
                                                      0.267     1.192 r  duration_s_reg[0]_i_2/CO[6]
                         net (fo=104, unplaced)       0.184     1.376    duration_s_reg[0]_i_2_n_1
                         LUT6 (Prop_LUT6_I1_O)        0.082     1.458 f  slot_s[2]_i_2/O
                         net (fo=114, unplaced)       0.299     1.757    slot_s[2]_i_2_n_0
                         LUT2 (Prop_LUT2_I0_O)        0.058     1.815 r  descriptor_memory_s_reg_0_15_0_13_i_1/O
                         net (fo=80, unplaced)        0.307     2.122    descriptor_memory_s_reg_0_15_0_13/WE
                         RAMD32                                       r  descriptor_memory_s_reg_0_15_0_13/RAMC/WE
  -------------------------------------------------------------------    -------------------

                         (clock builder_clock rise edge)
                                                      3.200     3.200 r  <hidden>
                                                      0.000     3.200 r  clock_i
                         net (fo=379, unset)          0.059     3.259    descriptor_memory_s_reg_0_15_0_13/WCLK
                         RAMD32                                       r  descriptor_memory_s_reg_0_15_0_13/RAMC/CLK
                         clock pessimism              0.000     3.259    <hidden>
                         clock uncertainty           -0.035     3.224    <hidden>
                         RAMD32 (Setup_RAMD32_CLK_WE)
                                                     -0.266     2.958    descriptor_memory_s_reg_0_15_0_13/RAMC
  -------------------------------------------------------------------
                         required time                          2.958    <hidden>
                         arrival time                          -2.122    <hidden>
  -------------------------------------------------------------------
                         slack                                  0.836    <hidden>

Slack (MET) :             0.836ns  (required time - arrival time)
  Source:                 grouped_input.sample_start_s_reg_rep/C
                            (rising edge-triggered cell FDRE clocked by builder_clock  {rise@0.000ns fall@1.600ns period=3.200ns})
  Destination:            descriptor_memory_s_reg_0_15_0_13/RAMC/WE
                            (rising edge-triggered cell RAMD32 clocked by builder_clock  {rise@0.000ns fall@1.600ns period=3.200ns})
  Path Group:             builder_clock
  Path Type:              Setup (Max at Slow Process Corner)
  Requirement:            3.200ns  (builder_clock rise@3.200ns - builder_clock rise@0.000ns)
  Data Path Delay:        2.081ns  (logic 0.661ns (31.764%)  route 1.420ns (68.236%))
  Logic Levels:           5  (CARRY8=1 LUT2=1 LUT3=1 LUT6=2)
  Clock Path Skew:        0.018ns (DCD - SCD + CPR)
    Destination Clock Delay (DCD):    0.059ns = ( 3.259 - 3.200 ) 
    Source Clock Delay      (SCD):    0.041ns
    Clock Pessimism Removal (CPR):    0.000ns
  Clock Uncertainty:      0.035ns  ((TSJ^2 + TIJ^2)^1/2 + DJ) / 2 + PE
    Total System Jitter     (TSJ):    0.071ns
    Total Input Jitter      (TIJ):    0.000ns
    Discrete Jitter          (DJ):    0.000ns
    Phase Error              (PE):    0.000ns

    Location             Delay type                Incr(ns)  Path(ns)    Netlist Resource(s)
  -------------------------------------------------------------------    -------------------
                         (clock builder_clock rise edge)
                                                      0.000     0.000 r  <hidden>
                                                      0.000     0.000 r  clock_i
                         net (fo=379, unset)          0.041     0.041    clock_i
                         FDRE                                         r  grouped_input.sample_start_s_reg_rep/C
  -------------------------------------------------------------------    -------------------
                         FDRE (Prop_FDRE_C_Q)         0.114     0.155 r  grouped_input.sample_start_s_reg_rep/Q
                         net (fo=93, unplaced)        0.186     0.341    grouped_input.sample_start_s_reg_rep_n_0
                         LUT3 (Prop_LUT3_I1_O)        0.082     0.423 r  threshold_s[1]_i_1/O
                         net (fo=3, unplaced)         0.217     0.640    threshold_s[1]
                         LUT6 (Prop_LUT6_I5_O)        0.058     0.698 f  duration_s[0]_i_9/O
                         net (fo=1, unplaced)         0.227     0.925    duration_s[0]_i_9_n_0
                         CARRY8 (Prop_CARRY8_DI[0]_CO[6])
                                                      0.267     1.192 f  duration_s_reg[0]_i_2/CO[6]
                         net (fo=104, unplaced)       0.184     1.376    duration_s_reg[0]_i_2_n_1
                         LUT6 (Prop_LUT6_I1_O)        0.082     1.458 r  slot_s[2]_i_2/O
                         net (fo=114, unplaced)       0.299     1.757    slot_s[2]_i_2_n_0
                         LUT2 (Prop_LUT2_I0_O)        0.058     1.815 f  descriptor_memory_s_reg_0_15_0_13_i_1/O
                         net (fo=80, unplaced)        0.307     2.122    descriptor_memory_s_reg_0_15_0_13/WE
                         RAMD32                                       f  descriptor_memory_s_reg_0_15_0_13/RAMC/WE
  -------------------------------------------------------------------    -------------------

                         (clock builder_clock rise edge)
                                                      3.200     3.200 r  <hidden>
                                                      0.000     3.200 r  clock_i
                         net (fo=379, unset)          0.059     3.259    descriptor_memory_s_reg_0_15_0_13/WCLK
                         RAMD32                                       r  descriptor_memory_s_reg_0_15_0_13/RAMC/CLK
                         clock pessimism              0.000     3.259    <hidden>
                         clock uncertainty           -0.035     3.224    <hidden>
                         RAMD32 (Setup_RAMD32_CLK_WE)
                                                     -0.266     2.958    descriptor_memory_s_reg_0_15_0_13/RAMC
  -------------------------------------------------------------------
                         required time                          2.958    <hidden>
                         arrival time                          -2.122    <hidden>
  -------------------------------------------------------------------
                         slack                                  0.836    <hidden>

Slack (MET) :             0.836ns  (required time - arrival time)
  Source:                 grouped_input.sample_start_s_reg_rep/C
                            (rising edge-triggered cell FDRE clocked by builder_clock  {rise@0.000ns fall@1.600ns period=3.200ns})
  Destination:            descriptor_memory_s_reg_0_15_0_13/RAMC_D1/WE
                            (rising edge-triggered cell RAMD32 clocked by builder_clock  {rise@0.000ns fall@1.600ns period=3.200ns})
  Path Group:             builder_clock
  Path Type:              Setup (Max at Slow Process Corner)
  Requirement:            3.200ns  (builder_clock rise@3.200ns - builder_clock rise@0.000ns)
  Data Path Delay:        2.081ns  (logic 0.661ns (31.764%)  route 1.420ns (68.236%))
  Logic Levels:           5  (CARRY8=1 LUT2=1 LUT3=1 LUT6=2)
  Clock Path Skew:        0.018ns (DCD - SCD + CPR)
    Destination Clock Delay (DCD):    0.059ns = ( 3.259 - 3.200 ) 
    Source Clock Delay      (SCD):    0.041ns
    Clock Pessimism Removal (CPR):    0.000ns
  Clock Uncertainty:      0.035ns  ((TSJ^2 + TIJ^2)^1/2 + DJ) / 2 + PE
    Total System Jitter     (TSJ):    0.071ns
    Total Input Jitter      (TIJ):    0.000ns
    Discrete Jitter          (DJ):    0.000ns
    Phase Error              (PE):    0.000ns

    Location             Delay type                Incr(ns)  Path(ns)    Netlist Resource(s)
  -------------------------------------------------------------------    -------------------
                         (clock builder_clock rise edge)
                                                      0.000     0.000 r  <hidden>
                                                      0.000     0.000 r  clock_i
                         net (fo=379, unset)          0.041     0.041    clock_i
                         FDRE                                         r  grouped_input.sample_start_s_reg_rep/C
  -------------------------------------------------------------------    -------------------
                         FDRE (Prop_FDRE_C_Q)         0.114     0.155 r  grouped_input.sample_start_s_reg_rep/Q
                         net (fo=93, unplaced)        0.186     0.341    grouped_input.sample_start_s_reg_rep_n_0
                         LUT3 (Prop_LUT3_I1_O)        0.082     0.423 f  threshold_s[1]_i_1/O
                         net (fo=3, unplaced)         0.217     0.640    threshold_s[1]
                         LUT6 (Prop_LUT6_I5_O)        0.058     0.698 r  duration_s[0]_i_9/O
                         net (fo=1, unplaced)         0.227     0.925    duration_s[0]_i_9_n_0
                         CARRY8 (Prop_CARRY8_DI[0]_CO[6])
                                                      0.267     1.192 r  duration_s_reg[0]_i_2/CO[6]
                         net (fo=104, unplaced)       0.184     1.376    duration_s_reg[0]_i_2_n_1
                         LUT6 (Prop_LUT6_I1_O)        0.082     1.458 f  slot_s[2]_i_2/O
                         net (fo=114, unplaced)       0.299     1.757    slot_s[2]_i_2_n_0
                         LUT2 (Prop_LUT2_I0_O)        0.058     1.815 r  descriptor_memory_s_reg_0_15_0_13_i_1/O
                         net (fo=80, unplaced)        0.307     2.122    descriptor_memory_s_reg_0_15_0_13/WE
                         RAMD32                                       r  descriptor_memory_s_reg_0_15_0_13/RAMC_D1/WE
  -------------------------------------------------------------------    -------------------

                         (clock builder_clock rise edge)
                                                      3.200     3.200 r  <hidden>
                                                      0.000     3.200 r  clock_i
                         net (fo=379, unset)          0.059     3.259    descriptor_memory_s_reg_0_15_0_13/WCLK
                         RAMD32                                       r  descriptor_memory_s_reg_0_15_0_13/RAMC_D1/CLK
                         clock pessimism              0.000     3.259    <hidden>
                         clock uncertainty           -0.035     3.224    <hidden>
                         RAMD32 (Setup_RAMD32_CLK_WE)
                                                     -0.266     2.958    descriptor_memory_s_reg_0_15_0_13/RAMC_D1
  -------------------------------------------------------------------
                         required time                          2.958    <hidden>
                         arrival time                          -2.122    <hidden>
  -------------------------------------------------------------------
                         slack                                  0.836    <hidden>

Slack (MET) :             0.836ns  (required time - arrival time)
  Source:                 grouped_input.sample_start_s_reg_rep/C
                            (rising edge-triggered cell FDRE clocked by builder_clock  {rise@0.000ns fall@1.600ns period=3.200ns})
  Destination:            descriptor_memory_s_reg_0_15_0_13/RAMC_D1/WE
                            (rising edge-triggered cell RAMD32 clocked by builder_clock  {rise@0.000ns fall@1.600ns period=3.200ns})
  Path Group:             builder_clock
  Path Type:              Setup (Max at Slow Process Corner)
  Requirement:            3.200ns  (builder_clock rise@3.200ns - builder_clock rise@0.000ns)
  Data Path Delay:        2.081ns  (logic 0.661ns (31.764%)  route 1.420ns (68.236%))
  Logic Levels:           5  (CARRY8=1 LUT2=1 LUT3=1 LUT6=2)
  Clock Path Skew:        0.018ns (DCD - SCD + CPR)
    Destination Clock Delay (DCD):    0.059ns = ( 3.259 - 3.200 ) 
    Source Clock Delay      (SCD):    0.041ns
    Clock Pessimism Removal (CPR):    0.000ns
  Clock Uncertainty:      0.035ns  ((TSJ^2 + TIJ^2)^1/2 + DJ) / 2 + PE
    Total System Jitter     (TSJ):    0.071ns
    Total Input Jitter      (TIJ):    0.000ns
    Discrete Jitter          (DJ):    0.000ns
    Phase Error              (PE):    0.000ns

    Location             Delay type                Incr(ns)  Path(ns)    Netlist Resource(s)
  -------------------------------------------------------------------    -------------------
                         (clock builder_clock rise edge)
                                                      0.000     0.000 r  <hidden>
                                                      0.000     0.000 r  clock_i
                         net (fo=379, unset)          0.041     0.041    clock_i
                         FDRE                                         r  grouped_input.sample_start_s_reg_rep/C
  -------------------------------------------------------------------    -------------------
                         FDRE (Prop_FDRE_C_Q)         0.114     0.155 f  grouped_input.sample_start_s_reg_rep/Q
                         net (fo=93, unplaced)        0.186     0.341    grouped_input.sample_start_s_reg_rep_n_0
                         LUT3 (Prop_LUT3_I1_O)        0.082     0.423 f  threshold_s[1]_i_1/O
                         net (fo=3, unplaced)         0.217     0.640    threshold_s[1]
                         LUT6 (Prop_LUT6_I5_O)        0.058     0.698 r  duration_s[0]_i_9/O
                         net (fo=1, unplaced)         0.227     0.925    duration_s[0]_i_9_n_0
                         CARRY8 (Prop_CARRY8_DI[0]_CO[6])
                                                      0.267     1.192 r  duration_s_reg[0]_i_2/CO[6]
                         net (fo=104, unplaced)       0.184     1.376    duration_s_reg[0]_i_2_n_1
                         LUT6 (Prop_LUT6_I1_O)        0.082     1.458 f  slot_s[2]_i_2/O
                         net (fo=114, unplaced)       0.299     1.757    slot_s[2]_i_2_n_0
                         LUT2 (Prop_LUT2_I0_O)        0.058     1.815 r  descriptor_memory_s_reg_0_15_0_13_i_1/O
                         net (fo=80, unplaced)        0.307     2.122    descriptor_memory_s_reg_0_15_0_13/WE
                         RAMD32                                       r  descriptor_memory_s_reg_0_15_0_13/RAMC_D1/WE
  -------------------------------------------------------------------    -------------------

                         (clock builder_clock rise edge)
                                                      3.200     3.200 r  <hidden>
                                                      0.000     3.200 r  clock_i
                         net (fo=379, unset)          0.059     3.259    descriptor_memory_s_reg_0_15_0_13/WCLK
                         RAMD32                                       r  descriptor_memory_s_reg_0_15_0_13/RAMC_D1/CLK
                         clock pessimism              0.000     3.259    <hidden>
                         clock uncertainty           -0.035     3.224    <hidden>
                         RAMD32 (Setup_RAMD32_CLK_WE)
                                                     -0.266     2.958    descriptor_memory_s_reg_0_15_0_13/RAMC_D1
  -------------------------------------------------------------------
                         required time                          2.958    <hidden>
                         arrival time                          -2.122    <hidden>
  -------------------------------------------------------------------
                         slack                                  0.836    <hidden>

Slack (MET) :             0.836ns  (required time - arrival time)
  Source:                 grouped_input.sample_start_s_reg_rep/C
                            (rising edge-triggered cell FDRE clocked by builder_clock  {rise@0.000ns fall@1.600ns period=3.200ns})
  Destination:            descriptor_memory_s_reg_0_15_0_13/RAMC_D1/WE
                            (rising edge-triggered cell RAMD32 clocked by builder_clock  {rise@0.000ns fall@1.600ns period=3.200ns})
  Path Group:             builder_clock
  Path Type:              Setup (Max at Slow Process Corner)
  Requirement:            3.200ns  (builder_clock rise@3.200ns - builder_clock rise@0.000ns)
  Data Path Delay:        2.081ns  (logic 0.661ns (31.764%)  route 1.420ns (68.236%))
  Logic Levels:           5  (CARRY8=1 LUT2=1 LUT3=1 LUT6=2)
  Clock Path Skew:        0.018ns (DCD - SCD + CPR)
    Destination Clock Delay (DCD):    0.059ns = ( 3.259 - 3.200 ) 
    Source Clock Delay      (SCD):    0.041ns
    Clock Pessimism Removal (CPR):    0.000ns
  Clock Uncertainty:      0.035ns  ((TSJ^2 + TIJ^2)^1/2 + DJ) / 2 + PE
    Total System Jitter     (TSJ):    0.071ns
    Total Input Jitter      (TIJ):    0.000ns
    Discrete Jitter          (DJ):    0.000ns
    Phase Error              (PE):    0.000ns

    Location             Delay type                Incr(ns)  Path(ns)    Netlist Resource(s)
  -------------------------------------------------------------------    -------------------
                         (clock builder_clock rise edge)
                                                      0.000     0.000 r  <hidden>
                                                      0.000     0.000 r  clock_i
                         net (fo=379, unset)          0.041     0.041    clock_i
                         FDRE                                         r  grouped_input.sample_start_s_reg_rep/C
  -------------------------------------------------------------------    -------------------
                         FDRE (Prop_FDRE_C_Q)         0.114     0.155 r  grouped_input.sample_start_s_reg_rep/Q
                         net (fo=93, unplaced)        0.186     0.341    grouped_input.sample_start_s_reg_rep_n_0
                         LUT3 (Prop_LUT3_I1_O)        0.082     0.423 r  threshold_s[1]_i_1/O
                         net (fo=3, unplaced)         0.217     0.640    threshold_s[1]
                         LUT6 (Prop_LUT6_I5_O)        0.058     0.698 f  duration_s[0]_i_9/O
                         net (fo=1, unplaced)         0.227     0.925    duration_s[0]_i_9_n_0
                         CARRY8 (Prop_CARRY8_DI[0]_CO[6])
                                                      0.267     1.192 f  duration_s_reg[0]_i_2/CO[6]
                         net (fo=104, unplaced)       0.184     1.376    duration_s_reg[0]_i_2_n_1
                         LUT6 (Prop_LUT6_I1_O)        0.082     1.458 r  slot_s[2]_i_2/O
                         net (fo=114, unplaced)       0.299     1.757    slot_s[2]_i_2_n_0
                         LUT2 (Prop_LUT2_I0_O)        0.058     1.815 f  descriptor_memory_s_reg_0_15_0_13_i_1/O
                         net (fo=80, unplaced)        0.307     2.122    descriptor_memory_s_reg_0_15_0_13/WE
                         RAMD32                                       f  descriptor_memory_s_reg_0_15_0_13/RAMC_D1/WE
  -------------------------------------------------------------------    -------------------

                         (clock builder_clock rise edge)
                                                      3.200     3.200 r  <hidden>
                                                      0.000     3.200 r  clock_i
                         net (fo=379, unset)          0.059     3.259    descriptor_memory_s_reg_0_15_0_13/WCLK
                         RAMD32                                       r  descriptor_memory_s_reg_0_15_0_13/RAMC_D1/CLK
                         clock pessimism              0.000     3.259    <hidden>
                         clock uncertainty           -0.035     3.224    <hidden>
                         RAMD32 (Setup_RAMD32_CLK_WE)
                                                     -0.266     2.958    descriptor_memory_s_reg_0_15_0_13/RAMC_D1
  -------------------------------------------------------------------
                         required time                          2.958    <hidden>
                         arrival time                          -2.122    <hidden>
  -------------------------------------------------------------------
                         slack                                  0.836    <hidden>

Slack (MET) :             0.836ns  (required time - arrival time)
  Source:                 grouped_input.sample_start_s_reg_rep/C
                            (rising edge-triggered cell FDRE clocked by builder_clock  {rise@0.000ns fall@1.600ns period=3.200ns})
  Destination:            descriptor_memory_s_reg_0_15_0_13/RAMD/WE
                            (rising edge-triggered cell RAMD32 clocked by builder_clock  {rise@0.000ns fall@1.600ns period=3.200ns})
  Path Group:             builder_clock
  Path Type:              Setup (Max at Slow Process Corner)
  Requirement:            3.200ns  (builder_clock rise@3.200ns - builder_clock rise@0.000ns)
  Data Path Delay:        2.081ns  (logic 0.661ns (31.764%)  route 1.420ns (68.236%))
  Logic Levels:           5  (CARRY8=1 LUT2=1 LUT3=1 LUT6=2)
  Clock Path Skew:        0.018ns (DCD - SCD + CPR)
    Destination Clock Delay (DCD):    0.059ns = ( 3.259 - 3.200 ) 
    Source Clock Delay      (SCD):    0.041ns
    Clock Pessimism Removal (CPR):    0.000ns
  Clock Uncertainty:      0.035ns  ((TSJ^2 + TIJ^2)^1/2 + DJ) / 2 + PE
    Total System Jitter     (TSJ):    0.071ns
    Total Input Jitter      (TIJ):    0.000ns
    Discrete Jitter          (DJ):    0.000ns
    Phase Error              (PE):    0.000ns

    Location             Delay type                Incr(ns)  Path(ns)    Netlist Resource(s)
  -------------------------------------------------------------------    -------------------
                         (clock builder_clock rise edge)
                                                      0.000     0.000 r  <hidden>
                                                      0.000     0.000 r  clock_i
                         net (fo=379, unset)          0.041     0.041    clock_i
                         FDRE                                         r  grouped_input.sample_start_s_reg_rep/C
  -------------------------------------------------------------------    -------------------
                         FDRE (Prop_FDRE_C_Q)         0.114     0.155 r  grouped_input.sample_start_s_reg_rep/Q
                         net (fo=93, unplaced)        0.186     0.341    grouped_input.sample_start_s_reg_rep_n_0
                         LUT3 (Prop_LUT3_I1_O)        0.082     0.423 f  threshold_s[1]_i_1/O
                         net (fo=3, unplaced)         0.217     0.640    threshold_s[1]
                         LUT6 (Prop_LUT6_I5_O)        0.058     0.698 r  duration_s[0]_i_9/O
                         net (fo=1, unplaced)         0.227     0.925    duration_s[0]_i_9_n_0
                         CARRY8 (Prop_CARRY8_DI[0]_CO[6])
                                                      0.267     1.192 r  duration_s_reg[0]_i_2/CO[6]
                         net (fo=104, unplaced)       0.184     1.376    duration_s_reg[0]_i_2_n_1
                         LUT6 (Prop_LUT6_I1_O)        0.082     1.458 f  slot_s[2]_i_2/O
                         net (fo=114, unplaced)       0.299     1.757    slot_s[2]_i_2_n_0
                         LUT2 (Prop_LUT2_I0_O)        0.058     1.815 r  descriptor_memory_s_reg_0_15_0_13_i_1/O
                         net (fo=80, unplaced)        0.307     2.122    descriptor_memory_s_reg_0_15_0_13/WE
                         RAMD32                                       r  descriptor_memory_s_reg_0_15_0_13/RAMD/WE
  -------------------------------------------------------------------    -------------------

                         (clock builder_clock rise edge)
                                                      3.200     3.200 r  <hidden>
                                                      0.000     3.200 r  clock_i
                         net (fo=379, unset)          0.059     3.259    descriptor_memory_s_reg_0_15_0_13/WCLK
                         RAMD32                                       r  descriptor_memory_s_reg_0_15_0_13/RAMD/CLK
                         clock pessimism              0.000     3.259    <hidden>
                         clock uncertainty           -0.035     3.224    <hidden>
                         RAMD32 (Setup_RAMD32_CLK_WE)
                                                     -0.266     2.958    descriptor_memory_s_reg_0_15_0_13/RAMD
  -------------------------------------------------------------------
                         required time                          2.958    <hidden>
                         arrival time                          -2.122    <hidden>
  -------------------------------------------------------------------
                         slack                                  0.836    <hidden>

Slack (MET) :             0.836ns  (required time - arrival time)
  Source:                 grouped_input.sample_start_s_reg_rep/C
                            (rising edge-triggered cell FDRE clocked by builder_clock  {rise@0.000ns fall@1.600ns period=3.200ns})
  Destination:            descriptor_memory_s_reg_0_15_0_13/RAMD/WE
                            (rising edge-triggered cell RAMD32 clocked by builder_clock  {rise@0.000ns fall@1.600ns period=3.200ns})
  Path Group:             builder_clock
  Path Type:              Setup (Max at Slow Process Corner)
  Requirement:            3.200ns  (builder_clock rise@3.200ns - builder_clock rise@0.000ns)
  Data Path Delay:        2.081ns  (logic 0.661ns (31.764%)  route 1.420ns (68.236%))
  Logic Levels:           5  (CARRY8=1 LUT2=1 LUT3=1 LUT6=2)
  Clock Path Skew:        0.018ns (DCD - SCD + CPR)
    Destination Clock Delay (DCD):    0.059ns = ( 3.259 - 3.200 ) 
    Source Clock Delay      (SCD):    0.041ns
    Clock Pessimism Removal (CPR):    0.000ns
  Clock Uncertainty:      0.035ns  ((TSJ^2 + TIJ^2)^1/2 + DJ) / 2 + PE
    Total System Jitter     (TSJ):    0.071ns
    Total Input Jitter      (TIJ):    0.000ns
    Discrete Jitter          (DJ):    0.000ns
    Phase Error              (PE):    0.000ns

    Location             Delay type                Incr(ns)  Path(ns)    Netlist Resource(s)
  -------------------------------------------------------------------    -------------------
                         (clock builder_clock rise edge)
                                                      0.000     0.000 r  <hidden>
                                                      0.000     0.000 r  clock_i
                         net (fo=379, unset)          0.041     0.041    clock_i
                         FDRE                                         r  grouped_input.sample_start_s_reg_rep/C
  -------------------------------------------------------------------    -------------------
                         FDRE (Prop_FDRE_C_Q)         0.114     0.155 f  grouped_input.sample_start_s_reg_rep/Q
                         net (fo=93, unplaced)        0.186     0.341    grouped_input.sample_start_s_reg_rep_n_0
                         LUT3 (Prop_LUT3_I1_O)        0.082     0.423 f  threshold_s[1]_i_1/O
                         net (fo=3, unplaced)         0.217     0.640    threshold_s[1]
                         LUT6 (Prop_LUT6_I5_O)        0.058     0.698 r  duration_s[0]_i_9/O
                         net (fo=1, unplaced)         0.227     0.925    duration_s[0]_i_9_n_0
                         CARRY8 (Prop_CARRY8_DI[0]_CO[6])
                                                      0.267     1.192 r  duration_s_reg[0]_i_2/CO[6]
                         net (fo=104, unplaced)       0.184     1.376    duration_s_reg[0]_i_2_n_1
                         LUT6 (Prop_LUT6_I1_O)        0.082     1.458 f  slot_s[2]_i_2/O
                         net (fo=114, unplaced)       0.299     1.757    slot_s[2]_i_2_n_0
                         LUT2 (Prop_LUT2_I0_O)        0.058     1.815 r  descriptor_memory_s_reg_0_15_0_13_i_1/O
                         net (fo=80, unplaced)        0.307     2.122    descriptor_memory_s_reg_0_15_0_13/WE
                         RAMD32                                       r  descriptor_memory_s_reg_0_15_0_13/RAMD/WE
  -------------------------------------------------------------------    -------------------

                         (clock builder_clock rise edge)
                                                      3.200     3.200 r  <hidden>
                                                      0.000     3.200 r  clock_i
                         net (fo=379, unset)          0.059     3.259    descriptor_memory_s_reg_0_15_0_13/WCLK
                         RAMD32                                       r  descriptor_memory_s_reg_0_15_0_13/RAMD/CLK
                         clock pessimism              0.000     3.259    <hidden>
                         clock uncertainty           -0.035     3.224    <hidden>
                         RAMD32 (Setup_RAMD32_CLK_WE)
                                                     -0.266     2.958    descriptor_memory_s_reg_0_15_0_13/RAMD
  -------------------------------------------------------------------
                         required time                          2.958    <hidden>
                         arrival time                          -2.122    <hidden>
  -------------------------------------------------------------------
                         slack                                  0.836    <hidden>

Slack (MET) :             0.836ns  (required time - arrival time)
  Source:                 grouped_input.sample_start_s_reg_rep/C
                            (rising edge-triggered cell FDRE clocked by builder_clock  {rise@0.000ns fall@1.600ns period=3.200ns})
  Destination:            descriptor_memory_s_reg_0_15_0_13/RAMD/WE
                            (rising edge-triggered cell RAMD32 clocked by builder_clock  {rise@0.000ns fall@1.600ns period=3.200ns})
  Path Group:             builder_clock
  Path Type:              Setup (Max at Slow Process Corner)
  Requirement:            3.200ns  (builder_clock rise@3.200ns - builder_clock rise@0.000ns)
  Data Path Delay:        2.081ns  (logic 0.661ns (31.764%)  route 1.420ns (68.236%))
  Logic Levels:           5  (CARRY8=1 LUT2=1 LUT3=1 LUT6=2)
  Clock Path Skew:        0.018ns (DCD - SCD + CPR)
    Destination Clock Delay (DCD):    0.059ns = ( 3.259 - 3.200 ) 
    Source Clock Delay      (SCD):    0.041ns
    Clock Pessimism Removal (CPR):    0.000ns
  Clock Uncertainty:      0.035ns  ((TSJ^2 + TIJ^2)^1/2 + DJ) / 2 + PE
    Total System Jitter     (TSJ):    0.071ns
    Total Input Jitter      (TIJ):    0.000ns
    Discrete Jitter          (DJ):    0.000ns
    Phase Error              (PE):    0.000ns

    Location             Delay type                Incr(ns)  Path(ns)    Netlist Resource(s)
  -------------------------------------------------------------------    -------------------
                         (clock builder_clock rise edge)
                                                      0.000     0.000 r  <hidden>
                                                      0.000     0.000 r  clock_i
                         net (fo=379, unset)          0.041     0.041    clock_i
                         FDRE                                         r  grouped_input.sample_start_s_reg_rep/C
  -------------------------------------------------------------------    -------------------
                         FDRE (Prop_FDRE_C_Q)         0.114     0.155 r  grouped_input.sample_start_s_reg_rep/Q
                         net (fo=93, unplaced)        0.186     0.341    grouped_input.sample_start_s_reg_rep_n_0
                         LUT3 (Prop_LUT3_I1_O)        0.082     0.423 r  threshold_s[1]_i_1/O
                         net (fo=3, unplaced)         0.217     0.640    threshold_s[1]
                         LUT6 (Prop_LUT6_I5_O)        0.058     0.698 f  duration_s[0]_i_9/O
                         net (fo=1, unplaced)         0.227     0.925    duration_s[0]_i_9_n_0
                         CARRY8 (Prop_CARRY8_DI[0]_CO[6])
                                                      0.267     1.192 f  duration_s_reg[0]_i_2/CO[6]
                         net (fo=104, unplaced)       0.184     1.376    duration_s_reg[0]_i_2_n_1
                         LUT6 (Prop_LUT6_I1_O)        0.082     1.458 r  slot_s[2]_i_2/O
                         net (fo=114, unplaced)       0.299     1.757    slot_s[2]_i_2_n_0
                         LUT2 (Prop_LUT2_I0_O)        0.058     1.815 f  descriptor_memory_s_reg_0_15_0_13_i_1/O
                         net (fo=80, unplaced)        0.307     2.122    descriptor_memory_s_reg_0_15_0_13/WE
                         RAMD32                                       f  descriptor_memory_s_reg_0_15_0_13/RAMD/WE
  -------------------------------------------------------------------    -------------------

                         (clock builder_clock rise edge)
                                                      3.200     3.200 r  <hidden>
                                                      0.000     3.200 r  clock_i
                         net (fo=379, unset)          0.059     3.259    descriptor_memory_s_reg_0_15_0_13/WCLK
                         RAMD32                                       r  descriptor_memory_s_reg_0_15_0_13/RAMD/CLK
                         clock pessimism              0.000     3.259    <hidden>
                         clock uncertainty           -0.035     3.224    <hidden>
                         RAMD32 (Setup_RAMD32_CLK_WE)
                                                     -0.266     2.958    descriptor_memory_s_reg_0_15_0_13/RAMD
  -------------------------------------------------------------------
                         required time                          2.958    <hidden>
                         arrival time                          -2.122    <hidden>
  -------------------------------------------------------------------
                         slack                                  0.836    <hidden>

Slack (MET) :             0.836ns  (required time - arrival time)
  Source:                 grouped_input.sample_start_s_reg_rep/C
                            (rising edge-triggered cell FDRE clocked by builder_clock  {rise@0.000ns fall@1.600ns period=3.200ns})
  Destination:            descriptor_memory_s_reg_0_15_0_13/RAMD_D1/WE
                            (rising edge-triggered cell RAMD32 clocked by builder_clock  {rise@0.000ns fall@1.600ns period=3.200ns})
  Path Group:             builder_clock
  Path Type:              Setup (Max at Slow Process Corner)
  Requirement:            3.200ns  (builder_clock rise@3.200ns - builder_clock rise@0.000ns)
  Data Path Delay:        2.081ns  (logic 0.661ns (31.764%)  route 1.420ns (68.236%))
  Logic Levels:           5  (CARRY8=1 LUT2=1 LUT3=1 LUT6=2)
  Clock Path Skew:        0.018ns (DCD - SCD + CPR)
    Destination Clock Delay (DCD):    0.059ns = ( 3.259 - 3.200 ) 
    Source Clock Delay      (SCD):    0.041ns
    Clock Pessimism Removal (CPR):    0.000ns
  Clock Uncertainty:      0.035ns  ((TSJ^2 + TIJ^2)^1/2 + DJ) / 2 + PE
    Total System Jitter     (TSJ):    0.071ns
    Total Input Jitter      (TIJ):    0.000ns
    Discrete Jitter          (DJ):    0.000ns
    Phase Error              (PE):    0.000ns

    Location             Delay type                Incr(ns)  Path(ns)    Netlist Resource(s)
  -------------------------------------------------------------------    -------------------
                         (clock builder_clock rise edge)
                                                      0.000     0.000 r  <hidden>
                                                      0.000     0.000 r  clock_i
                         net (fo=379, unset)          0.041     0.041    clock_i
                         FDRE                                         r  grouped_input.sample_start_s_reg_rep/C
  -------------------------------------------------------------------    -------------------
                         FDRE (Prop_FDRE_C_Q)         0.114     0.155 r  grouped_input.sample_start_s_reg_rep/Q
                         net (fo=93, unplaced)        0.186     0.341    grouped_input.sample_start_s_reg_rep_n_0
                         LUT3 (Prop_LUT3_I1_O)        0.082     0.423 f  threshold_s[1]_i_1/O
                         net (fo=3, unplaced)         0.217     0.640    threshold_s[1]
                         LUT6 (Prop_LUT6_I5_O)        0.058     0.698 r  duration_s[0]_i_9/O
                         net (fo=1, unplaced)         0.227     0.925    duration_s[0]_i_9_n_0
                         CARRY8 (Prop_CARRY8_DI[0]_CO[6])
                                                      0.267     1.192 r  duration_s_reg[0]_i_2/CO[6]
                         net (fo=104, unplaced)       0.184     1.376    duration_s_reg[0]_i_2_n_1
                         LUT6 (Prop_LUT6_I1_O)        0.082     1.458 f  slot_s[2]_i_2/O
                         net (fo=114, unplaced)       0.299     1.757    slot_s[2]_i_2_n_0
                         LUT2 (Prop_LUT2_I0_O)        0.058     1.815 r  descriptor_memory_s_reg_0_15_0_13_i_1/O
                         net (fo=80, unplaced)        0.307     2.122    descriptor_memory_s_reg_0_15_0_13/WE
                         RAMD32                                       r  descriptor_memory_s_reg_0_15_0_13/RAMD_D1/WE
  -------------------------------------------------------------------    -------------------

                         (clock builder_clock rise edge)
                                                      3.200     3.200 r  <hidden>
                                                      0.000     3.200 r  clock_i
                         net (fo=379, unset)          0.059     3.259    descriptor_memory_s_reg_0_15_0_13/WCLK
                         RAMD32                                       r  descriptor_memory_s_reg_0_15_0_13/RAMD_D1/CLK
                         clock pessimism              0.000     3.259    <hidden>
                         clock uncertainty           -0.035     3.224    <hidden>
                         RAMD32 (Setup_RAMD32_CLK_WE)
                                                     -0.266     2.958    descriptor_memory_s_reg_0_15_0_13/RAMD_D1
  -------------------------------------------------------------------
                         required time                          2.958    <hidden>
                         arrival time                          -2.122    <hidden>
  -------------------------------------------------------------------
                         slack                                  0.836    <hidden>

Slack (MET) :             0.836ns  (required time - arrival time)
  Source:                 grouped_input.sample_start_s_reg_rep/C
                            (rising edge-triggered cell FDRE clocked by builder_clock  {rise@0.000ns fall@1.600ns period=3.200ns})
  Destination:            descriptor_memory_s_reg_0_15_0_13/RAMD_D1/WE
                            (rising edge-triggered cell RAMD32 clocked by builder_clock  {rise@0.000ns fall@1.600ns period=3.200ns})
  Path Group:             builder_clock
  Path Type:              Setup (Max at Slow Process Corner)
  Requirement:            3.200ns  (builder_clock rise@3.200ns - builder_clock rise@0.000ns)
  Data Path Delay:        2.081ns  (logic 0.661ns (31.764%)  route 1.420ns (68.236%))
  Logic Levels:           5  (CARRY8=1 LUT2=1 LUT3=1 LUT6=2)
  Clock Path Skew:        0.018ns (DCD - SCD + CPR)
    Destination Clock Delay (DCD):    0.059ns = ( 3.259 - 3.200 ) 
    Source Clock Delay      (SCD):    0.041ns
    Clock Pessimism Removal (CPR):    0.000ns
  Clock Uncertainty:      0.035ns  ((TSJ^2 + TIJ^2)^1/2 + DJ) / 2 + PE
    Total System Jitter     (TSJ):    0.071ns
    Total Input Jitter      (TIJ):    0.000ns
    Discrete Jitter          (DJ):    0.000ns
    Phase Error              (PE):    0.000ns

    Location             Delay type                Incr(ns)  Path(ns)    Netlist Resource(s)
  -------------------------------------------------------------------    -------------------
                         (clock builder_clock rise edge)
                                                      0.000     0.000 r  <hidden>
                                                      0.000     0.000 r  clock_i
                         net (fo=379, unset)          0.041     0.041    clock_i
                         FDRE                                         r  grouped_input.sample_start_s_reg_rep/C
  -------------------------------------------------------------------    -------------------
                         FDRE (Prop_FDRE_C_Q)         0.114     0.155 f  grouped_input.sample_start_s_reg_rep/Q
                         net (fo=93, unplaced)        0.186     0.341    grouped_input.sample_start_s_reg_rep_n_0
                         LUT3 (Prop_LUT3_I1_O)        0.082     0.423 f  threshold_s[1]_i_1/O
                         net (fo=3, unplaced)         0.217     0.640    threshold_s[1]
                         LUT6 (Prop_LUT6_I5_O)        0.058     0.698 r  duration_s[0]_i_9/O
                         net (fo=1, unplaced)         0.227     0.925    duration_s[0]_i_9_n_0
                         CARRY8 (Prop_CARRY8_DI[0]_CO[6])
                                                      0.267     1.192 r  duration_s_reg[0]_i_2/CO[6]
                         net (fo=104, unplaced)       0.184     1.376    duration_s_reg[0]_i_2_n_1
                         LUT6 (Prop_LUT6_I1_O)        0.082     1.458 f  slot_s[2]_i_2/O
                         net (fo=114, unplaced)       0.299     1.757    slot_s[2]_i_2_n_0
                         LUT2 (Prop_LUT2_I0_O)        0.058     1.815 r  descriptor_memory_s_reg_0_15_0_13_i_1/O
                         net (fo=80, unplaced)        0.307     2.122    descriptor_memory_s_reg_0_15_0_13/WE
                         RAMD32                                       r  descriptor_memory_s_reg_0_15_0_13/RAMD_D1/WE
  -------------------------------------------------------------------    -------------------

                         (clock builder_clock rise edge)
                                                      3.200     3.200 r  <hidden>
                                                      0.000     3.200 r  clock_i
                         net (fo=379, unset)          0.059     3.259    descriptor_memory_s_reg_0_15_0_13/WCLK
                         RAMD32                                       r  descriptor_memory_s_reg_0_15_0_13/RAMD_D1/CLK
                         clock pessimism              0.000     3.259    <hidden>
                         clock uncertainty           -0.035     3.224    <hidden>
                         RAMD32 (Setup_RAMD32_CLK_WE)
                                                     -0.266     2.958    descriptor_memory_s_reg_0_15_0_13/RAMD_D1
  -------------------------------------------------------------------
                         required time                          2.958    <hidden>
                         arrival time                          -2.122    <hidden>
  -------------------------------------------------------------------
                         slack                                  0.836    <hidden>

Slack (MET) :             0.836ns  (required time - arrival time)
  Source:                 grouped_input.sample_start_s_reg_rep/C
                            (rising edge-triggered cell FDRE clocked by builder_clock  {rise@0.000ns fall@1.600ns period=3.200ns})
  Destination:            descriptor_memory_s_reg_0_15_0_13/RAMD_D1/WE
                            (rising edge-triggered cell RAMD32 clocked by builder_clock  {rise@0.000ns fall@1.600ns period=3.200ns})
  Path Group:             builder_clock
  Path Type:              Setup (Max at Slow Process Corner)
  Requirement:            3.200ns  (builder_clock rise@3.200ns - builder_clock rise@0.000ns)
  Data Path Delay:        2.081ns  (logic 0.661ns (31.764%)  route 1.420ns (68.236%))
  Logic Levels:           5  (CARRY8=1 LUT2=1 LUT3=1 LUT6=2)
  Clock Path Skew:        0.018ns (DCD - SCD + CPR)
    Destination Clock Delay (DCD):    0.059ns = ( 3.259 - 3.200 ) 
    Source Clock Delay      (SCD):    0.041ns
    Clock Pessimism Removal (CPR):    0.000ns
  Clock Uncertainty:      0.035ns  ((TSJ^2 + TIJ^2)^1/2 + DJ) / 2 + PE
    Total System Jitter     (TSJ):    0.071ns
    Total Input Jitter      (TIJ):    0.000ns
    Discrete Jitter          (DJ):    0.000ns
    Phase Error              (PE):    0.000ns

    Location             Delay type                Incr(ns)  Path(ns)    Netlist Resource(s)
  -------------------------------------------------------------------    -------------------
                         (clock builder_clock rise edge)
                                                      0.000     0.000 r  <hidden>
                                                      0.000     0.000 r  clock_i
                         net (fo=379, unset)          0.041     0.041    clock_i
                         FDRE                                         r  grouped_input.sample_start_s_reg_rep/C
  -------------------------------------------------------------------    -------------------
                         FDRE (Prop_FDRE_C_Q)         0.114     0.155 r  grouped_input.sample_start_s_reg_rep/Q
                         net (fo=93, unplaced)        0.186     0.341    grouped_input.sample_start_s_reg_rep_n_0
                         LUT3 (Prop_LUT3_I1_O)        0.082     0.423 r  threshold_s[1]_i_1/O
                         net (fo=3, unplaced)         0.217     0.640    threshold_s[1]
                         LUT6 (Prop_LUT6_I5_O)        0.058     0.698 f  duration_s[0]_i_9/O
                         net (fo=1, unplaced)         0.227     0.925    duration_s[0]_i_9_n_0
                         CARRY8 (Prop_CARRY8_DI[0]_CO[6])
                                                      0.267     1.192 f  duration_s_reg[0]_i_2/CO[6]
                         net (fo=104, unplaced)       0.184     1.376    duration_s_reg[0]_i_2_n_1
                         LUT6 (Prop_LUT6_I1_O)        0.082     1.458 r  slot_s[2]_i_2/O
                         net (fo=114, unplaced)       0.299     1.757    slot_s[2]_i_2_n_0
                         LUT2 (Prop_LUT2_I0_O)        0.058     1.815 f  descriptor_memory_s_reg_0_15_0_13_i_1/O
                         net (fo=80, unplaced)        0.307     2.122    descriptor_memory_s_reg_0_15_0_13/WE
                         RAMD32                                       f  descriptor_memory_s_reg_0_15_0_13/RAMD_D1/WE
  -------------------------------------------------------------------    -------------------

                         (clock builder_clock rise edge)
                                                      3.200     3.200 r  <hidden>
                                                      0.000     3.200 r  clock_i
                         net (fo=379, unset)          0.059     3.259    descriptor_memory_s_reg_0_15_0_13/WCLK
                         RAMD32                                       r  descriptor_memory_s_reg_0_15_0_13/RAMD_D1/CLK
                         clock pessimism              0.000     3.259    <hidden>
                         clock uncertainty           -0.035     3.224    <hidden>
                         RAMD32 (Setup_RAMD32_CLK_WE)
                                                     -0.266     2.958    descriptor_memory_s_reg_0_15_0_13/RAMD_D1
  -------------------------------------------------------------------
                         required time                          2.958    <hidden>
                         arrival time                          -2.122    <hidden>
  -------------------------------------------------------------------
                         slack                                  0.836    <hidden>

Slack (MET) :             0.836ns  (required time - arrival time)
  Source:                 grouped_input.sample_start_s_reg_rep/C
                            (rising edge-triggered cell FDRE clocked by builder_clock  {rise@0.000ns fall@1.600ns period=3.200ns})
  Destination:            descriptor_memory_s_reg_0_15_0_13/RAME/WE
                            (rising edge-triggered cell RAMD32 clocked by builder_clock  {rise@0.000ns fall@1.600ns period=3.200ns})
  Path Group:             builder_clock
  Path Type:              Setup (Max at Slow Process Corner)
  Requirement:            3.200ns  (builder_clock rise@3.200ns - builder_clock rise@0.000ns)
  Data Path Delay:        2.081ns  (logic 0.661ns (31.764%)  route 1.420ns (68.236%))
  Logic Levels:           5  (CARRY8=1 LUT2=1 LUT3=1 LUT6=2)
  Clock Path Skew:        0.018ns (DCD - SCD + CPR)
    Destination Clock Delay (DCD):    0.059ns = ( 3.259 - 3.200 ) 
    Source Clock Delay      (SCD):    0.041ns
    Clock Pessimism Removal (CPR):    0.000ns
  Clock Uncertainty:      0.035ns  ((TSJ^2 + TIJ^2)^1/2 + DJ) / 2 + PE
    Total System Jitter     (TSJ):    0.071ns
    Total Input Jitter      (TIJ):    0.000ns
    Discrete Jitter          (DJ):    0.000ns
    Phase Error              (PE):    0.000ns

    Location             Delay type                Incr(ns)  Path(ns)    Netlist Resource(s)
  -------------------------------------------------------------------    -------------------
                         (clock builder_clock rise edge)
                                                      0.000     0.000 r  <hidden>
                                                      0.000     0.000 r  clock_i
                         net (fo=379, unset)          0.041     0.041    clock_i
                         FDRE                                         r  grouped_input.sample_start_s_reg_rep/C
  -------------------------------------------------------------------    -------------------
                         FDRE (Prop_FDRE_C_Q)         0.114     0.155 r  grouped_input.sample_start_s_reg_rep/Q
                         net (fo=93, unplaced)        0.186     0.341    grouped_input.sample_start_s_reg_rep_n_0
                         LUT3 (Prop_LUT3_I1_O)        0.082     0.423 f  threshold_s[1]_i_1/O
                         net (fo=3, unplaced)         0.217     0.640    threshold_s[1]
                         LUT6 (Prop_LUT6_I5_O)        0.058     0.698 r  duration_s[0]_i_9/O
                         net (fo=1, unplaced)         0.227     0.925    duration_s[0]_i_9_n_0
                         CARRY8 (Prop_CARRY8_DI[0]_CO[6])
                                                      0.267     1.192 r  duration_s_reg[0]_i_2/CO[6]
                         net (fo=104, unplaced)       0.184     1.376    duration_s_reg[0]_i_2_n_1
                         LUT6 (Prop_LUT6_I1_O)        0.082     1.458 f  slot_s[2]_i_2/O
                         net (fo=114, unplaced)       0.299     1.757    slot_s[2]_i_2_n_0
                         LUT2 (Prop_LUT2_I0_O)        0.058     1.815 r  descriptor_memory_s_reg_0_15_0_13_i_1/O
                         net (fo=80, unplaced)        0.307     2.122    descriptor_memory_s_reg_0_15_0_13/WE
                         RAMD32                                       r  descriptor_memory_s_reg_0_15_0_13/RAME/WE
  -------------------------------------------------------------------    -------------------

                         (clock builder_clock rise edge)
                                                      3.200     3.200 r  <hidden>
                                                      0.000     3.200 r  clock_i
                         net (fo=379, unset)          0.059     3.259    descriptor_memory_s_reg_0_15_0_13/WCLK
                         RAMD32                                       r  descriptor_memory_s_reg_0_15_0_13/RAME/CLK
                         clock pessimism              0.000     3.259    <hidden>
                         clock uncertainty           -0.035     3.224    <hidden>
                         RAMD32 (Setup_RAMD32_CLK_WE)
                                                     -0.266     2.958    descriptor_memory_s_reg_0_15_0_13/RAME
  -------------------------------------------------------------------
                         required time                          2.958    <hidden>
                         arrival time                          -2.122    <hidden>
  -------------------------------------------------------------------
                         slack                                  0.836    <hidden>

Slack (MET) :             0.836ns  (required time - arrival time)
  Source:                 grouped_input.sample_start_s_reg_rep/C
                            (rising edge-triggered cell FDRE clocked by builder_clock  {rise@0.000ns fall@1.600ns period=3.200ns})
  Destination:            descriptor_memory_s_reg_0_15_0_13/RAME/WE
                            (rising edge-triggered cell RAMD32 clocked by builder_clock  {rise@0.000ns fall@1.600ns period=3.200ns})
  Path Group:             builder_clock
  Path Type:              Setup (Max at Slow Process Corner)
  Requirement:            3.200ns  (builder_clock rise@3.200ns - builder_clock rise@0.000ns)
  Data Path Delay:        2.081ns  (logic 0.661ns (31.764%)  route 1.420ns (68.236%))
  Logic Levels:           5  (CARRY8=1 LUT2=1 LUT3=1 LUT6=2)
  Clock Path Skew:        0.018ns (DCD - SCD + CPR)
    Destination Clock Delay (DCD):    0.059ns = ( 3.259 - 3.200 ) 
    Source Clock Delay      (SCD):    0.041ns
    Clock Pessimism Removal (CPR):    0.000ns
  Clock Uncertainty:      0.035ns  ((TSJ^2 + TIJ^2)^1/2 + DJ) / 2 + PE
    Total System Jitter     (TSJ):    0.071ns
    Total Input Jitter      (TIJ):    0.000ns
    Discrete Jitter          (DJ):    0.000ns
    Phase Error              (PE):    0.000ns

    Location             Delay type                Incr(ns)  Path(ns)    Netlist Resource(s)
  -------------------------------------------------------------------    -------------------
                         (clock builder_clock rise edge)
                                                      0.000     0.000 r  <hidden>
                                                      0.000     0.000 r  clock_i
                         net (fo=379, unset)          0.041     0.041    clock_i
                         FDRE                                         r  grouped_input.sample_start_s_reg_rep/C
  -------------------------------------------------------------------    -------------------
                         FDRE (Prop_FDRE_C_Q)         0.114     0.155 f  grouped_input.sample_start_s_reg_rep/Q
                         net (fo=93, unplaced)        0.186     0.341    grouped_input.sample_start_s_reg_rep_n_0
                         LUT3 (Prop_LUT3_I1_O)        0.082     0.423 f  threshold_s[1]_i_1/O
                         net (fo=3, unplaced)         0.217     0.640    threshold_s[1]
                         LUT6 (Prop_LUT6_I5_O)        0.058     0.698 r  duration_s[0]_i_9/O
                         net (fo=1, unplaced)         0.227     0.925    duration_s[0]_i_9_n_0
                         CARRY8 (Prop_CARRY8_DI[0]_CO[6])
                                                      0.267     1.192 r  duration_s_reg[0]_i_2/CO[6]
                         net (fo=104, unplaced)       0.184     1.376    duration_s_reg[0]_i_2_n_1
                         LUT6 (Prop_LUT6_I1_O)        0.082     1.458 f  slot_s[2]_i_2/O
                         net (fo=114, unplaced)       0.299     1.757    slot_s[2]_i_2_n_0
                         LUT2 (Prop_LUT2_I0_O)        0.058     1.815 r  descriptor_memory_s_reg_0_15_0_13_i_1/O
                         net (fo=80, unplaced)        0.307     2.122    descriptor_memory_s_reg_0_15_0_13/WE
                         RAMD32                                       r  descriptor_memory_s_reg_0_15_0_13/RAME/WE
  -------------------------------------------------------------------    -------------------

                         (clock builder_clock rise edge)
                                                      3.200     3.200 r  <hidden>
                                                      0.000     3.200 r  clock_i
                         net (fo=379, unset)          0.059     3.259    descriptor_memory_s_reg_0_15_0_13/WCLK
                         RAMD32                                       r  descriptor_memory_s_reg_0_15_0_13/RAME/CLK
                         clock pessimism              0.000     3.259    <hidden>
                         clock uncertainty           -0.035     3.224    <hidden>
                         RAMD32 (Setup_RAMD32_CLK_WE)
                                                     -0.266     2.958    descriptor_memory_s_reg_0_15_0_13/RAME
  -------------------------------------------------------------------
                         required time                          2.958    <hidden>
                         arrival time                          -2.122    <hidden>
  -------------------------------------------------------------------
                         slack                                  0.836    <hidden>

Slack (MET) :             0.836ns  (required time - arrival time)
  Source:                 grouped_input.sample_start_s_reg_rep/C
                            (rising edge-triggered cell FDRE clocked by builder_clock  {rise@0.000ns fall@1.600ns period=3.200ns})
  Destination:            descriptor_memory_s_reg_0_15_0_13/RAME/WE
                            (rising edge-triggered cell RAMD32 clocked by builder_clock  {rise@0.000ns fall@1.600ns period=3.200ns})
  Path Group:             builder_clock
  Path Type:              Setup (Max at Slow Process Corner)
  Requirement:            3.200ns  (builder_clock rise@3.200ns - builder_clock rise@0.000ns)
  Data Path Delay:        2.081ns  (logic 0.661ns (31.764%)  route 1.420ns (68.236%))
  Logic Levels:           5  (CARRY8=1 LUT2=1 LUT3=1 LUT6=2)
  Clock Path Skew:        0.018ns (DCD - SCD + CPR)
    Destination Clock Delay (DCD):    0.059ns = ( 3.259 - 3.200 ) 
    Source Clock Delay      (SCD):    0.041ns
    Clock Pessimism Removal (CPR):    0.000ns
  Clock Uncertainty:      0.035ns  ((TSJ^2 + TIJ^2)^1/2 + DJ) / 2 + PE
    Total System Jitter     (TSJ):    0.071ns
    Total Input Jitter      (TIJ):    0.000ns
    Discrete Jitter          (DJ):    0.000ns
    Phase Error              (PE):    0.000ns

    Location             Delay type                Incr(ns)  Path(ns)    Netlist Resource(s)
  -------------------------------------------------------------------    -------------------
                         (clock builder_clock rise edge)
                                                      0.000     0.000 r  <hidden>
                                                      0.000     0.000 r  clock_i
                         net (fo=379, unset)          0.041     0.041    clock_i
                         FDRE                                         r  grouped_input.sample_start_s_reg_rep/C
  -------------------------------------------------------------------    -------------------
                         FDRE (Prop_FDRE_C_Q)         0.114     0.155 r  grouped_input.sample_start_s_reg_rep/Q
                         net (fo=93, unplaced)        0.186     0.341    grouped_input.sample_start_s_reg_rep_n_0
                         LUT3 (Prop_LUT3_I1_O)        0.082     0.423 r  threshold_s[1]_i_1/O
                         net (fo=3, unplaced)         0.217     0.640    threshold_s[1]
                         LUT6 (Prop_LUT6_I5_O)        0.058     0.698 f  duration_s[0]_i_9/O
                         net (fo=1, unplaced)         0.227     0.925    duration_s[0]_i_9_n_0
                         CARRY8 (Prop_CARRY8_DI[0]_CO[6])
                                                      0.267     1.192 f  duration_s_reg[0]_i_2/CO[6]
                         net (fo=104, unplaced)       0.184     1.376    duration_s_reg[0]_i_2_n_1
                         LUT6 (Prop_LUT6_I1_O)        0.082     1.458 r  slot_s[2]_i_2/O
                         net (fo=114, unplaced)       0.299     1.757    slot_s[2]_i_2_n_0
                         LUT2 (Prop_LUT2_I0_O)        0.058     1.815 f  descriptor_memory_s_reg_0_15_0_13_i_1/O
                         net (fo=80, unplaced)        0.307     2.122    descriptor_memory_s_reg_0_15_0_13/WE
                         RAMD32                                       f  descriptor_memory_s_reg_0_15_0_13/RAME/WE
  -------------------------------------------------------------------    -------------------

                         (clock builder_clock rise edge)
                                                      3.200     3.200 r  <hidden>
                                                      0.000     3.200 r  clock_i
                         net (fo=379, unset)          0.059     3.259    descriptor_memory_s_reg_0_15_0_13/WCLK
                         RAMD32                                       r  descriptor_memory_s_reg_0_15_0_13/RAME/CLK
                         clock pessimism              0.000     3.259    <hidden>
                         clock uncertainty           -0.035     3.224    <hidden>
                         RAMD32 (Setup_RAMD32_CLK_WE)
                                                     -0.266     2.958    descriptor_memory_s_reg_0_15_0_13/RAME
  -------------------------------------------------------------------
                         required time                          2.958    <hidden>
                         arrival time                          -2.122    <hidden>
  -------------------------------------------------------------------
                         slack                                  0.836    <hidden>

Slack (MET) :             0.836ns  (required time - arrival time)
  Source:                 grouped_input.sample_start_s_reg_rep/C
                            (rising edge-triggered cell FDRE clocked by builder_clock  {rise@0.000ns fall@1.600ns period=3.200ns})
  Destination:            descriptor_memory_s_reg_0_15_0_13/RAME_D1/WE
                            (rising edge-triggered cell RAMD32 clocked by builder_clock  {rise@0.000ns fall@1.600ns period=3.200ns})
  Path Group:             builder_clock
  Path Type:              Setup (Max at Slow Process Corner)
  Requirement:            3.200ns  (builder_clock rise@3.200ns - builder_clock rise@0.000ns)
  Data Path Delay:        2.081ns  (logic 0.661ns (31.764%)  route 1.420ns (68.236%))
  Logic Levels:           5  (CARRY8=1 LUT2=1 LUT3=1 LUT6=2)
  Clock Path Skew:        0.018ns (DCD - SCD + CPR)
    Destination Clock Delay (DCD):    0.059ns = ( 3.259 - 3.200 ) 
    Source Clock Delay      (SCD):    0.041ns
    Clock Pessimism Removal (CPR):    0.000ns
  Clock Uncertainty:      0.035ns  ((TSJ^2 + TIJ^2)^1/2 + DJ) / 2 + PE
    Total System Jitter     (TSJ):    0.071ns
    Total Input Jitter      (TIJ):    0.000ns
    Discrete Jitter          (DJ):    0.000ns
    Phase Error              (PE):    0.000ns

    Location             Delay type                Incr(ns)  Path(ns)    Netlist Resource(s)
  -------------------------------------------------------------------    -------------------
                         (clock builder_clock rise edge)
                                                      0.000     0.000 r  <hidden>
                                                      0.000     0.000 r  clock_i
                         net (fo=379, unset)          0.041     0.041    clock_i
                         FDRE                                         r  grouped_input.sample_start_s_reg_rep/C
  -------------------------------------------------------------------    -------------------
                         FDRE (Prop_FDRE_C_Q)         0.114     0.155 r  grouped_input.sample_start_s_reg_rep/Q
                         net (fo=93, unplaced)        0.186     0.341    grouped_input.sample_start_s_reg_rep_n_0
                         LUT3 (Prop_LUT3_I1_O)        0.082     0.423 f  threshold_s[1]_i_1/O
                         net (fo=3, unplaced)         0.217     0.640    threshold_s[1]
                         LUT6 (Prop_LUT6_I5_O)        0.058     0.698 r  duration_s[0]_i_9/O
                         net (fo=1, unplaced)         0.227     0.925    duration_s[0]_i_9_n_0
                         CARRY8 (Prop_CARRY8_DI[0]_CO[6])
                                                      0.267     1.192 r  duration_s_reg[0]_i_2/CO[6]
                         net (fo=104, unplaced)       0.184     1.376    duration_s_reg[0]_i_2_n_1
                         LUT6 (Prop_LUT6_I1_O)        0.082     1.458 f  slot_s[2]_i_2/O
                         net (fo=114, unplaced)       0.299     1.757    slot_s[2]_i_2_n_0
                         LUT2 (Prop_LUT2_I0_O)        0.058     1.815 r  descriptor_memory_s_reg_0_15_0_13_i_1/O
                         net (fo=80, unplaced)        0.307     2.122    descriptor_memory_s_reg_0_15_0_13/WE
                         RAMD32                                       r  descriptor_memory_s_reg_0_15_0_13/RAME_D1/WE
  -------------------------------------------------------------------    -------------------

                         (clock builder_clock rise edge)
                                                      3.200     3.200 r  <hidden>
                                                      0.000     3.200 r  clock_i
                         net (fo=379, unset)          0.059     3.259    descriptor_memory_s_reg_0_15_0_13/WCLK
                         RAMD32                                       r  descriptor_memory_s_reg_0_15_0_13/RAME_D1/CLK
                         clock pessimism              0.000     3.259    <hidden>
                         clock uncertainty           -0.035     3.224    <hidden>
                         RAMD32 (Setup_RAMD32_CLK_WE)
                                                     -0.266     2.958    descriptor_memory_s_reg_0_15_0_13/RAME_D1
  -------------------------------------------------------------------
                         required time                          2.958    <hidden>
                         arrival time                          -2.122    <hidden>
  -------------------------------------------------------------------
                         slack                                  0.836    <hidden>

Slack (MET) :             0.836ns  (required time - arrival time)
  Source:                 grouped_input.sample_start_s_reg_rep/C
                            (rising edge-triggered cell FDRE clocked by builder_clock  {rise@0.000ns fall@1.600ns period=3.200ns})
  Destination:            descriptor_memory_s_reg_0_15_0_13/RAME_D1/WE
                            (rising edge-triggered cell RAMD32 clocked by builder_clock  {rise@0.000ns fall@1.600ns period=3.200ns})
  Path Group:             builder_clock
  Path Type:              Setup (Max at Slow Process Corner)
  Requirement:            3.200ns  (builder_clock rise@3.200ns - builder_clock rise@0.000ns)
  Data Path Delay:        2.081ns  (logic 0.661ns (31.764%)  route 1.420ns (68.236%))
  Logic Levels:           5  (CARRY8=1 LUT2=1 LUT3=1 LUT6=2)
  Clock Path Skew:        0.018ns (DCD - SCD + CPR)
    Destination Clock Delay (DCD):    0.059ns = ( 3.259 - 3.200 ) 
    Source Clock Delay      (SCD):    0.041ns
    Clock Pessimism Removal (CPR):    0.000ns
  Clock Uncertainty:      0.035ns  ((TSJ^2 + TIJ^2)^1/2 + DJ) / 2 + PE
    Total System Jitter     (TSJ):    0.071ns
    Total Input Jitter      (TIJ):    0.000ns
    Discrete Jitter          (DJ):    0.000ns
    Phase Error              (PE):    0.000ns

    Location             Delay type                Incr(ns)  Path(ns)    Netlist Resource(s)
  -------------------------------------------------------------------    -------------------
                         (clock builder_clock rise edge)
                                                      0.000     0.000 r  <hidden>
                                                      0.000     0.000 r  clock_i
                         net (fo=379, unset)          0.041     0.041    clock_i
                         FDRE                                         r  grouped_input.sample_start_s_reg_rep/C
  -------------------------------------------------------------------    -------------------
                         FDRE (Prop_FDRE_C_Q)         0.114     0.155 f  grouped_input.sample_start_s_reg_rep/Q
                         net (fo=93, unplaced)        0.186     0.341    grouped_input.sample_start_s_reg_rep_n_0
                         LUT3 (Prop_LUT3_I1_O)        0.082     0.423 f  threshold_s[1]_i_1/O
                         net (fo=3, unplaced)         0.217     0.640    threshold_s[1]
                         LUT6 (Prop_LUT6_I5_O)        0.058     0.698 r  duration_s[0]_i_9/O
                         net (fo=1, unplaced)         0.227     0.925    duration_s[0]_i_9_n_0
                         CARRY8 (Prop_CARRY8_DI[0]_CO[6])
                                                      0.267     1.192 r  duration_s_reg[0]_i_2/CO[6]
                         net (fo=104, unplaced)       0.184     1.376    duration_s_reg[0]_i_2_n_1
                         LUT6 (Prop_LUT6_I1_O)        0.082     1.458 f  slot_s[2]_i_2/O
                         net (fo=114, unplaced)       0.299     1.757    slot_s[2]_i_2_n_0
                         LUT2 (Prop_LUT2_I0_O)        0.058     1.815 r  descriptor_memory_s_reg_0_15_0_13_i_1/O
                         net (fo=80, unplaced)        0.307     2.122    descriptor_memory_s_reg_0_15_0_13/WE
                         RAMD32                                       r  descriptor_memory_s_reg_0_15_0_13/RAME_D1/WE
  -------------------------------------------------------------------    -------------------

                         (clock builder_clock rise edge)
                                                      3.200     3.200 r  <hidden>
                                                      0.000     3.200 r  clock_i
                         net (fo=379, unset)          0.059     3.259    descriptor_memory_s_reg_0_15_0_13/WCLK
                         RAMD32                                       r  descriptor_memory_s_reg_0_15_0_13/RAME_D1/CLK
                         clock pessimism              0.000     3.259    <hidden>
                         clock uncertainty           -0.035     3.224    <hidden>
                         RAMD32 (Setup_RAMD32_CLK_WE)
                                                     -0.266     2.958    descriptor_memory_s_reg_0_15_0_13/RAME_D1
  -------------------------------------------------------------------
                         required time                          2.958    <hidden>
                         arrival time                          -2.122    <hidden>
  -------------------------------------------------------------------
                         slack                                  0.836    <hidden>

Slack (MET) :             0.836ns  (required time - arrival time)
  Source:                 grouped_input.sample_start_s_reg_rep/C
                            (rising edge-triggered cell FDRE clocked by builder_clock  {rise@0.000ns fall@1.600ns period=3.200ns})
  Destination:            descriptor_memory_s_reg_0_15_0_13/RAME_D1/WE
                            (rising edge-triggered cell RAMD32 clocked by builder_clock  {rise@0.000ns fall@1.600ns period=3.200ns})
  Path Group:             builder_clock
  Path Type:              Setup (Max at Slow Process Corner)
  Requirement:            3.200ns  (builder_clock rise@3.200ns - builder_clock rise@0.000ns)
  Data Path Delay:        2.081ns  (logic 0.661ns (31.764%)  route 1.420ns (68.236%))
  Logic Levels:           5  (CARRY8=1 LUT2=1 LUT3=1 LUT6=2)
  Clock Path Skew:        0.018ns (DCD - SCD + CPR)
    Destination Clock Delay (DCD):    0.059ns = ( 3.259 - 3.200 ) 
    Source Clock Delay      (SCD):    0.041ns
    Clock Pessimism Removal (CPR):    0.000ns
  Clock Uncertainty:      0.035ns  ((TSJ^2 + TIJ^2)^1/2 + DJ) / 2 + PE
    Total System Jitter     (TSJ):    0.071ns
    Total Input Jitter      (TIJ):    0.000ns
    Discrete Jitter          (DJ):    0.000ns
    Phase Error              (PE):    0.000ns

    Location             Delay type                Incr(ns)  Path(ns)    Netlist Resource(s)
  -------------------------------------------------------------------    -------------------
                         (clock builder_clock rise edge)
                                                      0.000     0.000 r  <hidden>
                                                      0.000     0.000 r  clock_i
                         net (fo=379, unset)          0.041     0.041    clock_i
                         FDRE                                         r  grouped_input.sample_start_s_reg_rep/C
  -------------------------------------------------------------------    -------------------
                         FDRE (Prop_FDRE_C_Q)         0.114     0.155 r  grouped_input.sample_start_s_reg_rep/Q
                         net (fo=93, unplaced)        0.186     0.341    grouped_input.sample_start_s_reg_rep_n_0
                         LUT3 (Prop_LUT3_I1_O)        0.082     0.423 r  threshold_s[1]_i_1/O
                         net (fo=3, unplaced)         0.217     0.640    threshold_s[1]
                         LUT6 (Prop_LUT6_I5_O)        0.058     0.698 f  duration_s[0]_i_9/O
                         net (fo=1, unplaced)         0.227     0.925    duration_s[0]_i_9_n_0
                         CARRY8 (Prop_CARRY8_DI[0]_CO[6])
                                                      0.267     1.192 f  duration_s_reg[0]_i_2/CO[6]
                         net (fo=104, unplaced)       0.184     1.376    duration_s_reg[0]_i_2_n_1
                         LUT6 (Prop_LUT6_I1_O)        0.082     1.458 r  slot_s[2]_i_2/O
                         net (fo=114, unplaced)       0.299     1.757    slot_s[2]_i_2_n_0
                         LUT2 (Prop_LUT2_I0_O)        0.058     1.815 f  descriptor_memory_s_reg_0_15_0_13_i_1/O
                         net (fo=80, unplaced)        0.307     2.122    descriptor_memory_s_reg_0_15_0_13/WE
                         RAMD32                                       f  descriptor_memory_s_reg_0_15_0_13/RAME_D1/WE
  -------------------------------------------------------------------    -------------------

                         (clock builder_clock rise edge)
                                                      3.200     3.200 r  <hidden>
                                                      0.000     3.200 r  clock_i
                         net (fo=379, unset)          0.059     3.259    descriptor_memory_s_reg_0_15_0_13/WCLK
                         RAMD32                                       r  descriptor_memory_s_reg_0_15_0_13/RAME_D1/CLK
                         clock pessimism              0.000     3.259    <hidden>
                         clock uncertainty           -0.035     3.224    <hidden>
                         RAMD32 (Setup_RAMD32_CLK_WE)
                                                     -0.266     2.958    descriptor_memory_s_reg_0_15_0_13/RAME_D1
  -------------------------------------------------------------------
                         required time                          2.958    <hidden>
                         arrival time                          -2.122    <hidden>
  -------------------------------------------------------------------
                         slack                                  0.836    <hidden>




